fila_excel,fecha,cohort_code,total_admission_target,b2b_admission_target,b2c_admission_target,b2c_admissions,b2b_admissions,financial_target_revenue,financial_actual_revenue
5,2026-01-06,FSJ33,7,4,3,0,0,7320.8,7117.74
6,2026-01-12,AIGSK4,9,7,2,0,17,1557.5200000000002,2640
7,2026-01-12,AIESS1,16,16,0,0,0,5488,5488
8,2026-02-06,FSJ39,13,7,6,0,0,15995.560000000001,0
9,2026-02-16,DAJ21,11,6,5,0,0,10312.69,7157.11
10,2026-02-23,AIESS2,15,15,0,0,0,5855.55,5855.55
11,2026-03-23,AIESS3,10,10,0,0,0,5855.55,0
12,2026-04-06,AIGSK5,13,13,0,0,12,2102.6548672566373,2336.28
13,2026-04-15,AISCA1,6,6,0,0,0,2628.318584070797,5501.46
14,2026-04-20,AIGSK6,15,15,0,0,10,2920.27,1201.32
15,2026-04-20,AIGSK7,15,15,0,0,15,2920.266225,2920.353982300885
16,2026-04-20,MCLASS,20,20,0,0,20,3893.8053097345137,3893.8
17,2026-04-28,AIGSK8,13,13,0,0,30,1771.6814122120334,6820
18,2026-05-11,DAJ-L1,33,0,33,36,0,70800,11949.159292035398
19,2026-05-20,AIGSK9,20,20,0,0,11,4121.57,2141.5929203539827
20,2026-06-02,AIGSK11,15,15,0,0,36,8849.5,0
21,2026-06-02,AIGSK15,15,15,0,0,17,2920.27,0
22,2026-06-08,POWBI1,20,20,0,0,22,5132.74,0
23,2026-06-10,BIANL1,60,30,30,0,31,73299.94794377929,1327.44
24,2026-06-10,FSJ34,60,0,60,60,0,111038.3480825959,1356
25,2026-06-10,AIGTA1,30,18,12,18,35,7430,0
26,2026-06-10,SQL5,52,52,0,6,44,108247.78761061947,0
27,2026-06-10,AIDJR3,52,17,35,0,0,17802.36,0
28,2026-06-11,AIDJR1,45,0,45,40,0,15707.96460176991,0
29,2026-06-11,AITCH4,42,36,6,8,43,21091.445427728617,0
30,2026-06-11,DATTR1,60,27,33,28,43,56881.44518393915,0
31,2026-06-11,PY4,54,5,49,43,0,92849.45695897024,1623.89
32,2026-06-15,FSJ35,60,60,0,0,51,111038.3480825959,0
33,2026-06-23,FSJ36,60,30,30,34,18,111038.3480825959,0
34,2026-06-30,AIGSK10,15,15,0,0,0,2044.25,0
35,2026-06-30,AIESS4,13,6,7,0,0,4509.734515805634,0
36,2026-07-01,AIGSK14,13,6,7,0,27,2024.78,0
37,2026-07-06,SQL6,52,0,52,49,0,108247.78761061947,0
38,2026-07-07,DATTR2,60,27,33,27,29,56881.44518393915,0
39,2026-07-07,AIGSK19,46,27,19,21,33,8713.55,0
40,2026-07-07,AIDSR1,11,3,8,0,0,5548.672569,0
41,2026-07-09,PY5,44,0,44,43,10,89754.4750603379,0
42,2026-07-09,AITCH1B,55,0,55,0,0,38790.56,38790.56
43,2026-07-09,AITCH1C,55,0,55,0,0,38790.56,38790.56
44,2026-07-09,TECHF1A,20,0,20,0,0,5433.6,0
45,2026-07-09,TECHF1B,20,0,20,0,0,5433.6,0
46,2026-07-09,PYB1,35,35,0,0,0,29074.36,14537.18
47,2026-07-20,AIGSK18,13,13,0,0,0,1771.68,0
48,2026-07-21,AIGSK12,50,0,0,0,15,8849.5,0
49,2026-07-25,AIESS9,46,27,19,0,33,17427.1,0
50,2026-08-10,AIAOP1,43,25,18,18,24,22713.86432,0
51,2026-08-10,AIMLF1,43,30,13,13,29,39946.227688615574,0
52,2026-08-10,BIANL2,60,29,31,32,29,75045.18479958356,0
53,2026-08-10,AIPRO4,42,24,18,19,27,8330.7501,0
54,2026-08-10,PY6,43,43,0,0,46,89754.4750603379,0
55,2026-08-12,DATTR3,61,18,43,37,24,58303.48131353763,0
56,2026-08-13,AITCH5,45,36,9,6,35,21091.445427728617,0
57,2026-08-18,AIMLF2,45,31,14,13,31,41323.683815809214,0
58,2026-08-18,AICLD1,2,2,0,0,2,0,0
59,2026-08-19,BIANL3,60,30,30,0,0,69809.47423217075,0
60,2026-08-19,BIANL4,60,30,30,0,0,69809.47423217075,0
61,2026-08-24,SQL7,24,12,12,11,14,37113.52718078382,0
62,2026-08-25,AIGSK32,15,16,0,0,37,2654.85,0
63,2026-08-25,AICLD2,25,25,0,0,25,278.76,0
64,2026-08-26,AITCH6,45,36,9,9,41,21091.445427728617,0
65,2026-08-27,AICLD3,15,15,0,0,10,4181.4,0
66,2026-08-27,AICLD4,25,25,0,0,0,6969,0
67,2026-08-28,AIPRO4,42,24,18,0,26,16661.504412000002,0
68,2026-08-31,AITCH1A,55,0,55,0,0,38790.56,38790.56
69,2026-09-09,AIDJR2,45,0,45,45,0,15707.96460176991,0
70,2026-09-10,WDFRT1,46,23,23,23,20,42327.43362831859,0
71,2026-09-16,AIAOP1,43,25,18,0,25,11356.93216,0
72,2026-09-16,AIESS10,13,13,0,0,16,6780.93,0
73,2026-09-16,AIGSK33,15,16,0,0,20,4424.8,0
74,2026-09-18,TECHF3,15,15,0,0,6,7566.371685,0
75,2026-09-21,AIGTA8,15,15,0,0,0,7858.4,0
76,2026-09-23,WDFRT2,60,30,30,25,5,56436.57817109145,0
77,2026-09-23,DATTR4,60,30,30,21,22,39817.01,0
78,2026-09-24,AIGTA3,46,27,19,14,20,38788.99,0
79,2026-09-24,AILMT-K2,0,0,0,0,0,0,0
80,2026-10-05,AIPRO4,42,24,18,0,0,8330.7501,0
81,2026-10-05,AIGTA9,16,16,0,0,0,7858.4,0
82,2026-10-05,AIGSK28,31,15,16,0,0,2654.85,0
83,2026-10-05,AIPRO5,15,15,0,0,0,12294.69,0
84,2026-10-06,AIGTA9,45,27,18,0,35,17598.6,0
85,2026-10-06,AIDJR3,52,25,27,0,6,18325.958702064898,0
86,2026-10-12,TECHF4,18,18,0,0,0,8512.16814,0
87,2026-10-15,AIDJR4,52,25,27,0,0,18325.958702064898,0
88,2026-10-15,AIDJR5,52,17,35,0,0,18325.96,0
89,2026-10-20,AICLD5,15,15,0,0,0,4181.41592920354,0
90,2026-10-27,POWBI2,23,15,8,0,0,4599.56,0
91,2026-10-27,AIPRO3,13,13,0,0,0,3986.2831843020745,0
92,2026-10-29,AIESS16,15,15,0,0,10,5913.15,0
93,2026-11-03,AIESS21,13,13,0,0,0,5124.7,0
94,2026-11-09,AIGSK29,25,20,5,0,0,5530.973451327434,0
95,2026-11-09,TECHF5,18,18,0,0,0,8512.16814,0
