-- ============================================================
-- Cohort Monitor — Registros Cohort Plan 2026
-- Ejecutar después de nuevo_esquema.sql
-- ============================================================
USE cohort_monitor;
SET NAMES utf8mb4;
SET FOREIGN_KEY_CHECKS = 1;
START TRANSACTION;

INSERT INTO cohort_types (code, name, description) VALUES
  ('B2B', 'Business to Business', 'Cohortes financiadas o cerradas para empresas, cooperantes o instituciones'),
  ('B2C', 'Business to Consumer', 'Cohortes abiertas o dirigidas al público general');

INSERT INTO weekdays (id, day_name_es, day_code, iso_day_number) VALUES
  (1, 'Lunes', 'L', 1),
  (2, 'Martes', 'M', 2),
  (3, 'Miércoles', 'X', 3),
  (4, 'Jueves', 'J', 4),
  (5, 'Viernes', 'V', 5),
  (6, 'Sábado', 'S', 6),
  (7, 'Domingo', 'D', 7);

INSERT INTO routes (id, route_name) VALUES
  (1, 'AI'),
  (2, 'Data'),
  (3, 'Fundamentals'),
  (4, 'Programación');

INSERT INTO bootcamp_families (id, route_id, family_name) VALUES
  (1, 1, 'Gen AI Skills'),
  (2, 1, 'AI For Professional'),
  (3, 1, 'AI For Teacher MINDE'),
  (4, 2, 'Data Analyst Jr.'),
  (5, 2, 'Python para análisis de datos'),
  (6, 1, 'AI Agents Essentials'),
  (7, 3, 'Tech Fundamentals'),
  (8, 4, 'Full Stack Jr.'),
  (9, 4, 'Web Infrastructure Basic'),
  (10, 2, 'SQL'),
  (11, 2, 'BI para Análisis de Datos'),
  (12, 4, 'App & Services Development'),
  (13, 1, 'AI For Data'),
  (14, 2, 'Data Trainee'),
  (15, 1, 'AI For Devs Jr.'),
  (16, 1, 'AI For Teacher'),
  (17, 1, 'Gen AI Agents'),
  (18, 4, 'Java Developer'),
  (19, 1, 'Frontend Trainee'),
  (20, 2, 'AI Machine Learning'),
  (21, 1, 'AI For Devs Sr.'),
  (22, 1, 'AI Agents & Optimization'),
  (23, 2, 'AI Machine Learning Foundation');

INSERT INTO bootcamps (id, family_id, bootcamp_code, bootcamp_name, is_active) VALUES
  (1, 1, 'AIGSK', 'Gen AI Skills', 1),
  (2, 2, 'AIESS', 'AI For Professional', 1),
  (3, 3, 'AITCH', 'AI For Teacher MINDE', 1),
  (4, 4, 'DAJ', 'Data Analyst Jr.', 1),
  (5, 5, 'PY', 'Python para análisis de datos', 1),
  (6, 7, 'TECHF', 'Tech Fundamentals', 1),
  (7, 8, 'FSJ', 'Full Stack Jr.', 1),
  (8, 9, 'WIB', 'Web Infrastructure Basic', 1),
  (9, 2, 'AISCA', 'AI For Professional', 1),
  (10, 10, 'SQL', 'SQL', 1),
  (11, 11, 'BIANL', 'BI para Análisis de Datos', 1),
  (12, 12, 'ASD', 'App & Services Development', 1),
  (13, 13, 'AIDAT', 'AI For Data', 1),
  (14, 14, 'DATTR', 'Data Trainee', 1),
  (15, 15, 'AIDJR', 'AI For Devs Jr.', 1),
  (16, 18, 'JD', 'Java Developer', 1),
  (17, 19, 'WDFRT', 'Frontend Trainee', 1),
  (18, 20, 'AIMLT', 'AI Machine Learning', 1),
  (19, 21, 'AIDSR', 'AI For Devs Sr.', 1),
  (20, 23, 'AIMLF', 'AI Machine Learning Foundation', 1),
  (21, 19, 'NETDV', 'Frontend Trainee', 1);

INSERT INTO projects (id, project_name) VALUES
  (1, 'KODIGO'),
  (2, 'MINEDUCYT'),
  (3, 'KEY INSTITUTE'),
  (4, 'ALDEA'),
  (5, 'LAMARR'),
  (6, 'INCAF 3.1'),
  (7, 'MINSAL'),
  (8, 'SIMAN'),
  (9, 'INCAF 3.2');

INSERT INTO clients (id, client_name, client_status) VALUES
  (1, 'Abierto', 'open'),
  (2, 'Cerrado', 'closed');

INSERT INTO bundles (id, bundle_code) VALUES
  (1, 'Single'),
  (2, 'GENAI-AIAGEN-AISCAL-0'),
  (3, 'AITCH-WIB-ASD'),
  (4, 'GENAI-AIAGEN-AISCAL-2'),
  (5, 'GENAI-AIAGEN-1'),
  (6, 'GENAI-AIAGEN-4'),
  (7, 'GENAI-AIAGEN-5'),
  (8, 'GENAI-AIAGEN-2'),
  (9, 'GENAI-AIAGEN-6'),
  (10, 'GENAI-AIAGEN-AISCAL-3'),
  (11, 'AIAGEN-AISCAL-1'),
  (12, 'GENAI-AIAGEN-7'),
  (13, 'GENAI-AIAGEN-AISCAL-1'),
  (14, 'GENAI-AIAGEN-8'),
  (15, 'GENAI-AIAGEN-AISCAL-5'),
  (16, 'GENAI-AIAGEN-9'),
  (17, 'GENAI-AIAGEN-3'),
  (18, 'GENAI-AIAGEN-10'),
  (19, 'GENAI-AIAGEN-AISCAL-4');

INSERT INTO mentors (id, mentor_name, is_active) VALUES
  (1, 'Diego Martínez', 1),
  (2, 'Gino Miles', 1),
  (3, 'Eduardo Calles', 1),
  (4, 'Pablo Teja', 1),
  (5, 'Ronald Mejía', 1);

INSERT INTO coaches (id, coach_name, is_placeholder, is_active) VALUES
  (1, 'Astrid Navarrete', 0, 1),
  (2, 'Michelle Bonilla', 0, 1),
  (3, 'Kenia Paiz', 0, 1),
  (4, 'Fernando Aguilar', 0, 1),
  (5, 'Vic Flores', 0, 1),
  (6, 'Numas Salazar', 0, 1),
  (7, 'Joel Orellana', 0, 1),
  (8, 'Eduardo Calles', 0, 1),
  (9, 'Jairo Vega', 0, 1),
  (10, 'Oscar Lemus', 0, 1),
  (11, 'Gino Miles', 0, 1),
  (12, 'Sergio Hernández', 0, 1),
  (13, 'Edwin Asensio', 0, 1),
  (14, 'Ricardo Arroyo', 0, 1),
  (15, 'Carlos Dubon', 0, 1),
  (16, 'Camille Le Roy', 0, 1),
  (17, 'Jatniel Velázquez', 0, 1),
  (18, 'Ronald Mejía - mentor', 0, 1),
  (19, 'Rodrigo Pineda', 0, 1),
  (20, 'Carlos Vargas', 0, 1),
  (21, 'Gustavo Gómez', 0, 1),
  (22, 'Hugo Barrientos', 0, 1),
  (23, 'Jaime Arriola', 0, 1),
  (24, 'Mario Alvarenga', 0, 1),
  (25, 'Johnny De Paz', 0, 1),
  (26, 'German Granados', 0, 1),
  (27, 'Andrés Torres', 0, 1),
  (28, 'Nelson Zepeda', 0, 1),
  (29, 'Andrés Hércules', 0, 1),
  (30, 'Osmín López', 0, 1),
  (31, 'Josué Granados', 0, 1),
  (32, 'Nelson Alemán', 0, 1),
  (33, '(Nuevo coach Data 1)', 1, 1),
  (34, '(Nuevo coach IA 4)', 1, 1),
  (35, '(nuevo coach .NET 1)', 1, 1),
  (36, 'Fabricio Quintanilla', 0, 1),
  (37, 'Luisantos Bonilla', 0, 1),
  (38, 'Miguel Arias', 0, 1),
  (39, 'Vanessa Bonilla', 0, 1),
  (40, 'Violeta Urrutia', 0, 1),
  (41, '(Nuevo coach IA 2)', 1, 1),
  (42, '(Nuevo coach IA 3)', 1, 1),
  (43, '(Coach SIMAN 1)', 1, 1),
  (44, '(Coach SIMAN 2)', 1, 1),
  (45, '(Coach SIMAN 3)', 1, 1),
  (46, '(Coach SIMAN 4)', 1, 1);

INSERT INTO certification_suppliers (id, supplier_name) VALUES
  (1, 'Certiprof'),
  (2, 'Microsoft'),
  (3, 'JS Institute');

INSERT INTO certifications (id, supplier_id, certification_name, source_link, unit_cost) VALUES
  (1, 1, 'Generative AI Professional Certification (GAIPC™)', 'enlace', 55),
  (2, 2, 'Introduction to vibe coding', 'enlace', 0),
  (3, 1, 'Artificial Intelligence Professional Certificate - CAIPC®', 'enlace', 55),
  (4, 1, 'Business Intelligence Analyst Professional Certification - (BIAPC™)', 'enlace', 55),
  (5, 2, 'Microsoft Office Specialist: Excel Associate (Office 2019)', 'enlace', 100),
  (6, 1, 'Scrum Developer Professional Certification - SDPC™', 'enlace', 55),
  (7, 3, 'JSE™ – Certified Entry-Level JavaScript Programmer', 'enlace', 295),
  (8, 1, 'Prompt Engineering Foundation Professional Certification - CPEFPC™', 'enlace', 0),
  (9, 1, 'Data Protection General Law Foundation - LGPDF™', 'enlace', 55),
  (10, 1, 'Big Data Professional Certification - BDPC™', 'enlace', 55);

INSERT INTO bootcamp_certifications (bootcamp_id, certification_id, grad_ratio, top_students_pct, admitted_reference) VALUES
  (15, 2, 0.56, 0.25, 90),
  (3, 1, 0.4, 0.3, 135),
  (20, 3, 0.5, 0.4, 88),
  (11, 4, 0.57, 0.2, 120),
  (14, 5, 0.62, 0.35, 180),
  (17, 6, 0.63, 0.1, 46),
  (7, 7, 0.63, 0.65, 180),
  (5, 9, 0.59, 0.35, 132),
  (10, 10, 0.66, 0.4, 104);

INSERT INTO cohorts (bootcamp_family_id, cohort_type_code, cohort_year, cohort_month, cohort_key, status, notes) VALUES
  (1, 'B2B', 2026, 1, 'GEN_AI_SKILLS-B2B-2026-01', 'archived', 'Cohorte funcional Gen AI Skills B2B ENERO 2026'),
  (1, 'B2C', 2026, 1, 'GEN_AI_SKILLS-B2C-2026-01', 'archived', 'Cohorte funcional Gen AI Skills B2C ENERO 2026'),
  (2, 'B2B', 2026, 1, 'AI_FOR_PROFESSIONAL-B2B-2026-01', 'archived', 'Cohorte funcional AI For Professional B2B ENERO 2026'),
  (3, 'B2B', 2026, 2, 'AI_FOR_TEACHER_MINDE-B2B-2026-02', 'archived', 'Cohorte funcional AI For Teacher MINDE B2B FEBRERO 2026'),
  (4, 'B2B', 2026, 2, 'DATA_ANALYST_JR-B2B-2026-02', 'active', 'Cohorte funcional Data Analyst Jr. B2B FEBRERO 2026'),
  (4, 'B2C', 2026, 2, 'DATA_ANALYST_JR-B2C-2026-02', 'active', 'Cohorte funcional Data Analyst Jr. B2C FEBRERO 2026'),
  (5, 'B2C', 2026, 2, 'PYTHON_PARA_AN_LISIS_DE_DATOS-B2C-2026-02', 'archived', 'Cohorte funcional Python para análisis de datos B2C FEBRERO 2026'),
  (6, 'B2C', 2026, 2, 'AI_AGENTS_ESSENTIALS-B2C-2026-02', 'archived', 'Cohorte funcional AI Agents Essentials B2C FEBRERO 2026'),
  (7, 'B2C', 2026, 3, 'TECH_FUNDAMENTALS-B2C-2026-03', 'archived', 'Cohorte funcional Tech Fundamentals B2C MARZO 2026'),
  (8, 'B2B', 2026, 3, 'FULL_STACK_JR-B2B-2026-03', 'active', 'Cohorte funcional Full Stack Jr. B2B MARZO 2026'),
  (8, 'B2C', 2026, 3, 'FULL_STACK_JR-B2C-2026-03', 'active', 'Cohorte funcional Full Stack Jr. B2C MARZO 2026'),
  (6, 'B2B', 2026, 3, 'AI_AGENTS_ESSENTIALS-B2B-2026-03', 'archived', 'Cohorte funcional AI Agents Essentials B2B MARZO 2026'),
  (6, 'B2C', 2026, 3, 'AI_AGENTS_ESSENTIALS-B2C-2026-03', 'archived', 'Cohorte funcional AI Agents Essentials B2C MARZO 2026'),
  (1, 'B2B', 2026, 4, 'GEN_AI_SKILLS-B2B-2026-04', 'archived', 'Cohorte funcional Gen AI Skills B2B ABRIL 2026'),
  (1, 'B2C', 2026, 4, 'GEN_AI_SKILLS-B2C-2026-04', 'archived', 'Cohorte funcional Gen AI Skills B2C ABRIL 2026'),
  (9, 'B2B', 2026, 4, 'WEB_INFRASTRUCTURE_BASIC-B2B-2026-04', 'active', 'Cohorte funcional Web Infrastructure Basic B2B ABRIL 2026'),
  (2, 'B2C', 2026, 4, 'AI_FOR_PROFESSIONAL-B2C-2026-04', 'archived', 'Cohorte funcional AI For Professional B2C ABRIL 2026'),
  (4, 'B2B', 2026, 5, 'DATA_ANALYST_JR-B2B-2026-05', 'active', 'Cohorte funcional Data Analyst Jr. B2B MAYO 2026'),
  (1, 'B2B', 2026, 5, 'GEN_AI_SKILLS-B2B-2026-05', 'active', 'Cohorte funcional Gen AI Skills B2B MAYO 2026'),
  (1, 'B2B', 2026, 6, 'GEN_AI_SKILLS-B2B-2026-06', 'active', 'Cohorte funcional Gen AI Skills B2B JUNIO 2026'),
  (2, 'B2B', 2026, 6, 'AI_FOR_PROFESSIONAL-B2B-2026-06', 'active', 'Cohorte funcional AI For Professional B2B JUNIO 2026'),
  (8, 'B2C', 2026, 6, 'FULL_STACK_JR-B2C-2026-06', 'active', 'Cohorte funcional Full Stack Jr. B2C JUNIO 2026'),
  (10, 'B2B', 2026, 6, 'SQL-B2B-2026-06', 'active', 'Cohorte funcional SQL B2B JUNIO 2026'),
  (11, 'B2B', 2026, 6, 'BI_PARA_AN_LISIS_DE_DATOS-B2B-2026-06', 'active', 'Cohorte funcional BI para Análisis de Datos B2B JUNIO 2026'),
  (11, 'B2C', 2026, 6, 'BI_PARA_AN_LISIS_DE_DATOS-B2C-2026-06', 'active', 'Cohorte funcional BI para Análisis de Datos B2C JUNIO 2026'),
  (12, 'B2B', 2026, 6, 'APP_SERVICES_DEVELOPMENT-B2B-2026-06', 'active', 'Cohorte funcional App & Services Development B2B JUNIO 2026'),
  (13, 'B2B', 2026, 6, 'AI_FOR_DATA-B2B-2026-06', 'active', 'Cohorte funcional AI For Data B2B JUNIO 2026'),
  (5, 'B2C', 2026, 6, 'PYTHON_PARA_AN_LISIS_DE_DATOS-B2C-2026-06', 'active', 'Cohorte funcional Python para análisis de datos B2C JUNIO 2026'),
  (14, 'B2B', 2026, 6, 'DATA_TRAINEE-B2B-2026-06', 'active', 'Cohorte funcional Data Trainee B2B JUNIO 2026'),
  (14, 'B2C', 2026, 6, 'DATA_TRAINEE-B2C-2026-06', 'active', 'Cohorte funcional Data Trainee B2C JUNIO 2026'),
  (15, 'B2C', 2026, 6, 'AI_FOR_DEVS_JR-B2C-2026-06', 'active', 'Cohorte funcional AI For Devs Jr. B2C JUNIO 2026'),
  (16, 'B2B', 2026, 6, 'AI_FOR_TEACHER-B2B-2026-06', 'active', 'Cohorte funcional AI For Teacher B2B JUNIO 2026'),
  (16, 'B2C', 2026, 6, 'AI_FOR_TEACHER-B2C-2026-06', 'active', 'Cohorte funcional AI For Teacher B2C JUNIO 2026'),
  (17, 'B2B', 2026, 6, 'GEN_AI_AGENTS-B2B-2026-06', 'active', 'Cohorte funcional Gen AI Agents B2B JUNIO 2026'),
  (17, 'B2C', 2026, 6, 'GEN_AI_AGENTS-B2C-2026-06', 'active', 'Cohorte funcional Gen AI Agents B2C JUNIO 2026'),
  (6, 'B2B', 2026, 6, 'AI_AGENTS_ESSENTIALS-B2B-2026-06', 'active', 'Cohorte funcional AI Agents Essentials B2B JUNIO 2026'),
  (8, 'B2B', 2026, 6, 'FULL_STACK_JR-B2B-2026-06', 'active', 'Cohorte funcional Full Stack Jr. B2B JUNIO 2026'),
  (18, 'B2B', 2026, 6, 'JAVA_DEVELOPER-B2B-2026-06', 'active', 'Cohorte funcional Java Developer B2B JUNIO 2026'),
  (18, 'B2C', 2026, 6, 'JAVA_DEVELOPER-B2C-2026-06', 'active', 'Cohorte funcional Java Developer B2C JUNIO 2026'),
  (19, 'B2B', 2026, 6, 'FRONTEND_TRAINEE-B2B-2026-06', 'active', 'Cohorte funcional Frontend Trainee B2B JUNIO 2026'),
  (19, 'B2C', 2026, 6, 'FRONTEND_TRAINEE-B2C-2026-06', 'active', 'Cohorte funcional Frontend Trainee B2C JUNIO 2026'),
  (20, 'B2C', 2026, 6, 'AI_MACHINE_LEARNING-B2C-2026-06', 'active', 'Cohorte funcional AI Machine Learning B2C JUNIO 2026'),
  (7, 'B2B', 2026, 6, 'TECH_FUNDAMENTALS-B2B-2026-06', 'active', 'Cohorte funcional Tech Fundamentals B2B JUNIO 2026'),
  (1, 'B2B', 2026, 7, 'GEN_AI_SKILLS-B2B-2026-07', 'active', 'Cohorte funcional Gen AI Skills B2B JULIO 2026'),
  (17, 'B2C', 2026, 7, 'GEN_AI_AGENTS-B2C-2026-07', 'active', 'Cohorte funcional Gen AI Agents B2C JULIO 2026'),
  (10, 'B2C', 2026, 7, 'SQL-B2C-2026-07', 'active', 'Cohorte funcional SQL B2C JULIO 2026'),
  (17, 'B2B', 2026, 7, 'GEN_AI_AGENTS-B2B-2026-07', 'active', 'Cohorte funcional Gen AI Agents B2B JULIO 2026'),
  (14, 'B2B', 2026, 7, 'DATA_TRAINEE-B2B-2026-07', 'active', 'Cohorte funcional Data Trainee B2B JULIO 2026'),
  (14, 'B2C', 2026, 7, 'DATA_TRAINEE-B2C-2026-07', 'active', 'Cohorte funcional Data Trainee B2C JULIO 2026'),
  (21, 'B2B', 2026, 7, 'AI_FOR_DEVS_SR-B2B-2026-07', 'active', 'Cohorte funcional AI For Devs Sr. B2B JULIO 2026'),
  (21, 'B2C', 2026, 7, 'AI_FOR_DEVS_SR-B2C-2026-07', 'active', 'Cohorte funcional AI For Devs Sr. B2C JULIO 2026'),
  (2, 'B2B', 2026, 7, 'AI_FOR_PROFESSIONAL-B2B-2026-07', 'active', 'Cohorte funcional AI For Professional B2B JULIO 2026'),
  (5, 'B2C', 2026, 7, 'PYTHON_PARA_AN_LISIS_DE_DATOS-B2C-2026-07', 'active', 'Cohorte funcional Python para análisis de datos B2C JULIO 2026'),
  (1, 'B2B', 2026, 8, 'GEN_AI_SKILLS-B2B-2026-08', 'active', 'Cohorte funcional Gen AI Skills B2B AGOSTO 2026'),
  (6, 'B2B', 2026, 8, 'AI_AGENTS_ESSENTIALS-B2B-2026-08', 'active', 'Cohorte funcional AI Agents Essentials B2B AGOSTO 2026'),
  (22, 'B2B', 2026, 8, 'AI_AGENTS_OPTIMIZATION-B2B-2026-08', 'active', 'Cohorte funcional AI Agents & Optimization B2B AGOSTO 2026'),
  (22, 'B2C', 2026, 8, 'AI_AGENTS_OPTIMIZATION-B2C-2026-08', 'active', 'Cohorte funcional AI Agents & Optimization B2C AGOSTO 2026'),
  (23, 'B2B', 2026, 8, 'AI_MACHINE_LEARNING_FOUNDATION-B2B-2026-08', 'active', 'Cohorte funcional AI Machine Learning Foundation B2B AGOSTO 2026'),
  (23, 'B2C', 2026, 8, 'AI_MACHINE_LEARNING_FOUNDATION-B2C-2026-08', 'active', 'Cohorte funcional AI Machine Learning Foundation B2C AGOSTO 2026'),
  (11, 'B2B', 2026, 8, 'BI_PARA_AN_LISIS_DE_DATOS-B2B-2026-08', 'active', 'Cohorte funcional BI para Análisis de Datos B2B AGOSTO 2026'),
  (11, 'B2C', 2026, 8, 'BI_PARA_AN_LISIS_DE_DATOS-B2C-2026-08', 'active', 'Cohorte funcional BI para Análisis de Datos B2C AGOSTO 2026'),
  (5, 'B2B', 2026, 8, 'PYTHON_PARA_AN_LISIS_DE_DATOS-B2B-2026-08', 'active', 'Cohorte funcional Python para análisis de datos B2B AGOSTO 2026'),
  (17, 'B2B', 2026, 8, 'GEN_AI_AGENTS-B2B-2026-08', 'active', 'Cohorte funcional Gen AI Agents B2B AGOSTO 2026'),
  (2, 'B2B', 2026, 8, 'AI_FOR_PROFESSIONAL-B2B-2026-08', 'active', 'Cohorte funcional AI For Professional B2B AGOSTO 2026'),
  (2, 'B2C', 2026, 8, 'AI_FOR_PROFESSIONAL-B2C-2026-08', 'active', 'Cohorte funcional AI For Professional B2C AGOSTO 2026'),
  (14, 'B2B', 2026, 8, 'DATA_TRAINEE-B2B-2026-08', 'active', 'Cohorte funcional Data Trainee B2B AGOSTO 2026'),
  (14, 'B2C', 2026, 8, 'DATA_TRAINEE-B2C-2026-08', 'active', 'Cohorte funcional Data Trainee B2C AGOSTO 2026'),
  (16, 'B2B', 2026, 8, 'AI_FOR_TEACHER-B2B-2026-08', 'active', 'Cohorte funcional AI For Teacher B2B AGOSTO 2026'),
  (16, 'B2C', 2026, 8, 'AI_FOR_TEACHER-B2C-2026-08', 'active', 'Cohorte funcional AI For Teacher B2C AGOSTO 2026'),
  (10, 'B2B', 2026, 8, 'SQL-B2B-2026-08', 'active', 'Cohorte funcional SQL B2B AGOSTO 2026'),
  (10, 'B2C', 2026, 8, 'SQL-B2C-2026-08', 'active', 'Cohorte funcional SQL B2C AGOSTO 2026'),
  (1, 'B2C', 2026, 8, 'GEN_AI_SKILLS-B2C-2026-08', 'active', 'Cohorte funcional Gen AI Skills B2C AGOSTO 2026'),
  (1, 'B2B', 2026, 9, 'GEN_AI_SKILLS-B2B-2026-09', 'active', 'Cohorte funcional Gen AI Skills B2B SEPTIEMBRE 2026'),
  (17, 'B2B', 2026, 9, 'GEN_AI_AGENTS-B2B-2026-09', 'active', 'Cohorte funcional Gen AI Agents B2B SEPTIEMBRE 2026'),
  (11, 'B2C', 2026, 9, 'BI_PARA_AN_LISIS_DE_DATOS-B2C-2026-09', 'active', 'Cohorte funcional BI para Análisis de Datos B2C SEPTIEMBRE 2026'),
  (2, 'B2B', 2026, 9, 'AI_FOR_PROFESSIONAL-B2B-2026-09', 'active', 'Cohorte funcional AI For Professional B2B SEPTIEMBRE 2026'),
  (17, 'B2C', 2026, 9, 'GEN_AI_AGENTS-B2C-2026-09', 'active', 'Cohorte funcional Gen AI Agents B2C SEPTIEMBRE 2026'),
  (15, 'B2C', 2026, 9, 'AI_FOR_DEVS_JR-B2C-2026-09', 'active', 'Cohorte funcional AI For Devs Jr. B2C SEPTIEMBRE 2026'),
  (19, 'B2B', 2026, 9, 'FRONTEND_TRAINEE-B2B-2026-09', 'active', 'Cohorte funcional Frontend Trainee B2B SEPTIEMBRE 2026'),
  (19, 'B2C', 2026, 9, 'FRONTEND_TRAINEE-B2C-2026-09', 'active', 'Cohorte funcional Frontend Trainee B2C SEPTIEMBRE 2026'),
  (22, 'B2C', 2026, 9, 'AI_AGENTS_OPTIMIZATION-B2C-2026-09', 'active', 'Cohorte funcional AI Agents & Optimization B2C SEPTIEMBRE 2026'),
  (6, 'B2B', 2026, 9, 'AI_AGENTS_ESSENTIALS-B2B-2026-09', 'active', 'Cohorte funcional AI Agents Essentials B2B SEPTIEMBRE 2026'),
  (1, 'B2B', 2026, 10, 'GEN_AI_SKILLS-B2B-2026-10', 'active', 'Cohorte funcional Gen AI Skills B2B OCTUBRE 2026'),
  (17, 'B2B', 2026, 10, 'GEN_AI_AGENTS-B2B-2026-10', 'active', 'Cohorte funcional Gen AI Agents B2B OCTUBRE 2026'),
  (2, 'B2C', 2026, 10, 'AI_FOR_PROFESSIONAL-B2C-2026-10', 'active', 'Cohorte funcional AI For Professional B2C OCTUBRE 2026'),
  (2, 'B2B', 2026, 10, 'AI_FOR_PROFESSIONAL-B2B-2026-10', 'active', 'Cohorte funcional AI For Professional B2B OCTUBRE 2026'),
  (17, 'B2C', 2026, 10, 'GEN_AI_AGENTS-B2C-2026-10', 'active', 'Cohorte funcional Gen AI Agents B2C OCTUBRE 2026'),
  (15, 'B2B', 2026, 10, 'AI_FOR_DEVS_JR-B2B-2026-10', 'active', 'Cohorte funcional AI For Devs Jr. B2B OCTUBRE 2026'),
  (15, 'B2C', 2026, 10, 'AI_FOR_DEVS_JR-B2C-2026-10', 'active', 'Cohorte funcional AI For Devs Jr. B2C OCTUBRE 2026'),
  (20, 'B2C', 2026, 10, 'AI_MACHINE_LEARNING-B2C-2026-10', 'active', 'Cohorte funcional AI Machine Learning B2C OCTUBRE 2026'),
  (7, 'B2B', 2026, 10, 'TECH_FUNDAMENTALS-B2B-2026-10', 'active', 'Cohorte funcional Tech Fundamentals B2B OCTUBRE 2026'),
  (17, 'B2B', 2026, 11, 'GEN_AI_AGENTS-B2B-2026-11', 'active', 'Cohorte funcional Gen AI Agents B2B NOVIEMBRE 2026'),
  (2, 'B2C', 2026, 11, 'AI_FOR_PROFESSIONAL-B2C-2026-11', 'active', 'Cohorte funcional AI For Professional B2C NOVIEMBRE 2026'),
  (7, 'B2B', 2026, 11, 'TECH_FUNDAMENTALS-B2B-2026-11', 'active', 'Cohorte funcional Tech Fundamentals B2B NOVIEMBRE 2026'),
  (2, 'B2B', 2027, 1, 'AI_FOR_PROFESSIONAL-B2B-2027-01', 'active', 'Cohorte funcional AI For Professional B2B ENERO 2027'),
  (2, 'B2C', 2027, 1, 'AI_FOR_PROFESSIONAL-B2C-2027-01', 'active', 'Cohorte funcional AI For Professional B2C ENERO 2027');

INSERT INTO cohort_sections (id, source_row_number, section_code, bootcamp_id, project_id, client_id, bundle_id, mentor_id, coach_id, certification_required, assignment_status, start_date, end_date, start_time, end_time, training_date_50, training_date_75, clash_status, calendar_pattern, start_weekday_label, end_weekday_label, b2b_target, b2c_target, total_students_target, class_count, calendar_week_count, calendar_month_count, kickoff_day_label, start_month_label, end_month_label, start_year, training_status, status) VALUES
  (1, 1, 'AIGSK4', 1, 1, 1, 1, NULL, 1, 0, 'assigned', '2026-01-12', '2026-02-20', '18:30:00', '20:30:00', '2026-01-31', '2026-02-10', 'ok', 'MJ', 'lun', 'vie', 7, 2, 9, 12, 5, 1, 'lunes', 'ENERO', 'FEBRERO', 2026, 'completed', 'archived'),
  (2, 2, 'AIESS1', 2, 1, 1, 2, NULL, 2, 0, 'assigned', '2026-01-12', '2026-03-20', '16:00:00', '18:00:00', '2026-02-14', '2026-03-03', 'ok', 'XJ', 'lun', 'vie', 10, 0, 10, 20, 9, 2, 'lunes', 'ENERO', 'MARZO', 2026, 'completed', 'archived'),
  (3, 3, 'AITCH2', 3, 2, 2, 3, 1, 3, 0, 'assigned', '2026-02-06', '2026-04-09', '18:00:00', '20:00:00', '2026-03-09', '2026-03-24', 'ok', 'LXV', 'vie', 'jue', 65, 0, 65, 27, 8, 2, 'viernes', 'FEBRERO', 'ABRIL', 2026, 'completed', 'archived'),
  (4, 4, 'AITCH3', 3, 2, 2, 3, 2, 4, 0, 'assigned', '2026-02-06', '2026-04-09', '18:00:00', '20:00:00', '2026-03-09', '2026-03-24', 'ok', 'LXV', 'vie', 'jue', 65, 0, 65, 27, 8, 2, 'viernes', 'FEBRERO', 'ABRIL', 2026, 'completed', 'archived'),
  (5, 5, 'AITCH1', 3, 2, 2, 3, 3, 5, 0, 'assigned', '2026-02-06', '2026-04-09', '18:00:00', '20:00:00', '2026-03-09', '2026-03-24', 'ok', 'LXV', 'vie', 'jue', 65, 0, 65, 27, 8, 2, 'viernes', 'FEBRERO', 'ABRIL', 2026, 'completed', 'archived'),
  (6, 6, 'DAJ21', 4, 1, 1, 1, 4, 6, 0, 'assigned', '2026-02-16', '2026-06-16', '18:30:00', '20:30:00', '2026-04-17', '2026-05-17', 'ok', 'LMX', 'lun', 'mar', 6, 5, 11, 53, 17, 4, 'lunes', 'FEBRERO', 'JUNIO', 2026, 'in_progress', 'active'),
  (7, 7, 'PY-K1', 5, 3, 1, 1, NULL, 7, 0, 'assigned', '2026-02-19', '2026-05-21', '16:00:00', '18:00:00', '2026-04-05', '2026-04-28', 'ok', 'J', 'jue', 'jue', 0, 0, 0, 0, 13, 3, 'jueves', 'FEBRERO', 'MAYO', 2026, 'completed', 'archived'),
  (8, 8, 'AIESS2', 2, 1, 1, 1, NULL, 5, 0, 'assigned', '2026-02-23', '2026-04-24', '18:30:00', '20:30:00', '2026-03-25', '2026-04-09', 'ok', 'MJ', 'lun', 'vie', 0, 0, 45, 14, 8, 2, 'lunes', 'FEBRERO', 'ABRIL', 2026, 'completed', 'archived'),
  (9, 9, 'TECHF1', 6, 4, 1, 1, NULL, 4, 0, 'assigned', '2026-03-02', '2026-04-24', '08:00:00', '12:00:00', '2026-03-28', '2026-04-10', 'ok', 'L', 'lun', 'vie', 0, 0, 0, 8, 7, 1, 'lunes', 'MARZO', 'ABRIL', 2026, 'completed', 'archived'),
  (10, 10, 'TECHF2', 6, 4, 1, 1, NULL, 8, 0, 'assigned', '2026-03-02', '2026-04-24', '13:00:00', '17:00:00', '2026-03-28', '2026-04-10', 'ok', 'L', 'lun', 'vie', 0, 0, 0, 8, 7, 1, 'lunes', 'MARZO', 'ABRIL', 2026, 'completed', 'archived'),
  (11, 11, 'FSJ33', 7, 1, 1, 1, 1, 9, 0, 'assigned', '2026-03-02', '2026-09-02', '18:00:00', '20:00:00', '2026-06-02', '2026-07-18', 'ok', 'LMX', 'lun', 'mié', 8, 4, 12, 81, 26, 6, 'lunes', 'MARZO', 'SEPTIEMBRE', 2026, 'in_progress', 'active'),
  (12, 12, 'AIESS3', 2, 1, 1, 1, NULL, 4, 0, 'assigned', '2026-03-23', '2026-05-22', '16:00:00', '05:59:00', '2026-04-22', '2026-05-07', 'ok', 'LX', 'lun', 'vie', 27, 18, 45, 18, 8, 1, 'lunes', 'MARZO', 'MAYO', 2026, 'completed', 'archived'),
  (13, 13, 'AIGSK5', 1, 1, 1, 1, NULL, 10, 0, 'assigned', '2026-04-06', '2026-05-07', '18:30:00', '20:30:00', '2026-04-21', '2026-04-29', 'ok', 'MJ', 'lun', 'jue', 14, 4, 18, 10, 4, 1, 'lunes', 'ABRIL', 'MAYO', 2026, 'completed', 'archived'),
  (14, 14, 'WIB2', 8, 2, 2, 3, 1, 3, 0, 'assigned', '2026-04-15', '2026-06-04', '18:00:00', '20:00:00', '2026-05-10', '2026-05-22', 'ok', 'LXV', 'mié', 'jue', 65, 0, 65, 23, 7, 1, 'miércoles', 'ABRIL', 'JUNIO', 2026, 'in_progress', 'active'),
  (15, 15, 'WIB3', 8, 2, 2, 3, 2, 4, 0, 'assigned', '2026-04-15', '2026-06-04', '18:00:00', '20:00:00', '2026-05-10', '2026-05-22', 'ok', 'LXV', 'mié', 'jue', 65, 0, 65, 23, 7, 1, 'miércoles', 'ABRIL', 'JUNIO', 2026, 'in_progress', 'active'),
  (16, 16, 'WIB1', 8, 2, 2, 3, 3, 5, 0, 'assigned', '2026-04-15', '2026-06-04', '18:00:00', '20:00:00', '2026-05-10', '2026-05-22', 'ok', 'LXV', 'mié', 'jue', 65, 0, 65, 23, 7, 1, 'miércoles', 'ABRIL', 'JUNIO', 2026, 'in_progress', 'active'),
  (17, 17, 'AISCA1', 9, 1, 1, 2, NULL, 2, 0, 'assigned', '2026-04-15', '2026-05-14', '16:00:00', '17:50:00', '2026-04-29', '2026-05-06', 'ok', 'XJ', 'mié', 'jue', 0, 0, 0, 10, 4, 0, 'miércoles', 'ABRIL', 'MAYO', 2026, 'completed', 'archived'),
  (18, 18, 'AIGSK6', 1, 1, 1, 1, NULL, 11, 0, 'assigned', '2026-04-20', '2026-05-20', '18:30:00', '20:30:00', '2026-05-05', '2026-05-12', 'ok', 'MJ', 'lun', 'mié', 14, 4, 18, 8, 4, 1, 'lunes', 'ABRIL', 'MAYO', 2026, 'completed', 'archived'),
  (19, 19, 'AIGSK7', 1, 1, 2, 1, NULL, 12, 0, 'assigned', '2026-04-21', '2026-05-20', '14:00:00', '16:00:00', '2026-05-05', '2026-05-12', 'ok', 'MJ', 'mar', 'mié', 23, 0, 23, 8, 4, 0, 'martes', 'ABRIL', 'MAYO', 2026, 'completed', 'archived'),
  (20, 20, 'AIGSK8', 1, 1, 2, 1, NULL, 10, 0, 'assigned', '2026-04-28', '2026-05-20', '16:00:00', '18:00:00', '2026-05-09', '2026-05-14', 'ok', 'MJ', 'mar', 'mié', 15, 0, 15, 6, 3, 0, 'martes', 'ABRIL', 'MAYO', 2026, 'completed', 'archived'),
  (21, 21, 'DAJ-L1', 4, 5, 2, 1, NULL, 2, 0, 'assigned', '2026-05-11', '2026-11-11', '18:00:00', '20:00:00', '2026-08-11', '2026-09-26', 'ok', 'LXV', 'lun', 'mié', 36, 0, 36, 80, 26, 6, 'lunes', 'MAYO', 'NOVIEMBRE', 2026, 'in_progress', 'active'),
  (22, 23, 'AIGSK9', 1, 1, 2, 1, NULL, 3, 0, 'assigned', '2026-05-20', '2026-06-19', '14:00:00', '16:00:00', '2026-06-04', '2026-06-11', 'ok', 'XV', 'mié', 'vie', 10, 0, 10, 10, 4, 0, 'miércoles', 'MAYO', 'JUNIO', 2026, 'in_progress', 'active'),
  (23, 28, 'AIGSK12', 1, 1, 2, 1, NULL, 3, 0, 'assigned', '2026-05-28', '2026-06-29', '18:30:00', '20:30:00', '2026-06-13', '2026-06-21', 'ok', 'MJ', 'jue', 'lun', 31, 0, 31, 10, 4, 1, 'jueves', 'MAYO', 'JUNIO', 2026, 'not_started', 'active'),
  (24, 26, 'AIGSK11', 1, 1, NULL, 1, NULL, 11, 0, 'assigned', '2026-06-01', '2026-06-29', '18:30:00', '20:30:00', '2026-06-15', '2026-06-22', 'ok', 'lun', 'lun', 'lun', 13, 0, 13, 8, 4, 0, 'lunes', 'JUNIO', 'JUNIO', 2026, 'not_started', 'active'),
  (25, 29, 'AIGSK13', 1, 1, 2, 1, NULL, 13, 0, 'assigned', '2026-06-01', '2026-07-03', '18:30:00', '20:30:00', '2026-06-17', '2026-06-25', 'ok', 'XV', 'lun', 'vie', 31, 0, 31, 10, 4, 1, 'lunes', 'JUNIO', 'JULIO', 2026, 'not_started', 'active'),
  (26, 24, 'AIGSK15', 1, 1, 1, 1, NULL, 1, 0, 'assigned', '2026-06-02', '2026-06-30', '18:30:00', '20:30:00', '2026-06-16', '2026-06-23', 'ok', 'MJ', 'mar', 'mar', 10, 0, 10, 8, 4, 0, 'martes', 'JUNIO', 'JUNIO', 2026, 'not_started', 'active'),
  (27, 22, 'AIGSK10', 1, 1, 2, 4, NULL, 5, 0, 'assigned', '2026-06-08', '2026-07-08', '16:00:00', '18:00:00', '2026-06-23', '2026-06-30', 'ok', 'MJ', 'lun', 'mié', 10, 0, 10, 8, 4, 1, 'lunes', 'JUNIO', 'JULIO', 2026, 'not_started', 'active'),
  (28, 31, 'FSJ34', 7, 6, 1, 1, 1, 14, 0, 'assigned', '2026-06-08', '2026-11-24', '18:00:00', '20:00:00', '2026-08-31', '2026-10-12', 'ok', 'LXV', 'lun', 'mar', 0, 60, 60, 72, 24, 5, 'lunes', 'JUNIO', 'NOVIEMBRE', 2026, 'not_started', 'active'),
  (29, 32, 'SQL5', 10, 6, 1, 1, NULL, 15, 0, 'assigned', '2026-06-08', '2026-10-09', '18:30:00', '20:30:00', '2026-08-08', '2026-09-08', 'ok', 'LMX', 'lun', 'vie', 52, 0, 52, 54, 17, 4, 'lunes', 'JUNIO', 'OCTUBRE', 2026, 'not_started', 'active'),
  (30, 33, 'BIANL1', 11, 6, 1, 1, 4, 6, 0, 'assigned', '2026-06-08', '2026-10-10', '18:30:00', '20:30:00', '2026-08-09', '2026-09-09', 'ok', 'JVS', 'lun', 'sáb', 30, 30, 60, 54, 17, 4, 'lunes', 'JUNIO', 'OCTUBRE', 2026, 'not_started', 'active'),
  (31, 34, 'ASD1', 12, 2, 2, 3, 1, 3, 0, 'assigned', '2026-06-08', '2026-08-13', '18:00:00', '20:00:00', '2026-07-11', '2026-07-27', 'ok', 'LXV', 'lun', 'jue', 65, 0, 65, 29, 9, 2, 'lunes', 'JUNIO', 'AGOSTO', 2026, 'not_started', 'active'),
  (32, 35, 'ASD2', 12, 2, 2, 3, 2, 4, 0, 'assigned', '2026-06-08', '2026-08-13', '18:00:00', '20:00:00', '2026-07-11', '2026-07-27', 'ok', 'LXV', 'lun', 'jue', 65, 0, 65, 29, 9, 2, 'lunes', 'JUNIO', 'AGOSTO', 2026, 'not_started', 'active'),
  (33, 36, 'ASD3', 12, 2, 2, 3, 3, 5, 0, 'assigned', '2026-06-08', '2026-08-13', '18:00:00', '20:00:00', '2026-07-11', '2026-07-27', 'ok', 'LXV', 'lun', 'jue', 65, 0, 65, 29, 9, 2, 'lunes', 'JUNIO', 'AGOSTO', 2026, 'not_started', 'active'),
  (34, 37, 'AIDAT1', 13, 1, 1, 1, NULL, 5, 0, 'assigned', '2026-06-09', '2026-07-31', '18:30:00', '20:30:00', '2026-07-05', '2026-07-18', 'ok', 'MJ', 'mar', 'vie', 11, 0, 11, 16, 7, 1, 'martes', 'JUNIO', 'JULIO', 2026, 'not_started', 'active'),
  (35, 38, 'PY4', 5, 6, 1, 1, NULL, 16, 0, 'assigned', '2026-06-09', '2026-10-10', '18:00:00', '20:00:00', '2026-08-09', '2026-09-09', 'ok', 'LMX', 'mar', 'sáb', 0, 45, 45, 54, 17, 4, 'martes', 'JUNIO', 'OCTUBRE', 2026, 'not_started', 'active'),
  (36, 39, 'DATTR1', 14, 6, 1, 1, 4, 17, 0, 'assigned', '2026-06-09', '2026-09-09', '18:30:00', '20:30:00', '2026-07-25', '2026-08-17', 'ok', 'LMX', 'mar', 'mié', 27, 33, 60, 42, 13, 3, 'martes', 'JUNIO', 'SEPTIEMBRE', 2026, 'not_started', 'active'),
  (37, 40, 'AIDJR2', 15, 6, 1, 1, 5, 18, 0, 'assigned', '2026-06-09', '2026-07-20', '18:30:00', '20:30:00', '2026-06-29', '2026-07-09', 'ok', 'MJ', 'mar', 'lun', 0, 45, 45, 12, 5, 1, 'martes', 'JUNIO', 'JULIO', 2026, 'not_started', 'active'),
  (38, 41, 'AITCH4', 3, 6, 1, 1, NULL, 19, 0, 'assigned', '2026-06-09', '2026-08-02', '18:30:00', '20:30:00', '2026-07-06', '2026-07-19', 'ok', 'MJ', 'mar', 'dom', 36, 9, 45, 16, 7, 1, 'martes', 'JUNIO', 'AGOSTO', 2026, 'not_started', 'active'),
  (39, 42, 'AIGSK16', 1, 6, 1, 5, NULL, 20, 0, 'assigned', '2026-06-10', '2026-06-29', '18:30:00', '20:30:00', '2026-06-19', '2026-06-24', 'ok', 'LX', 'mié', 'lun', 27, 18, 45, 6, 2, 0, 'miércoles', 'JUNIO', 'JUNIO', 2026, 'not_started', 'active'),
  (40, 30, 'AIGSK14', 1, 1, 1, 6, NULL, 1, 0, 'assigned', '2026-06-15', '2026-07-15', '18:30:00', '20:30:00', '2026-06-30', '2026-07-07', 'clash', 'XV', 'lun', 'mié', 13, 0, 13, 8, 4, 1, 'lunes', 'JUNIO', 'JULIO', 2026, 'not_started', 'active'),
  (41, 44, 'AIESS4', 2, 1, 2, 1, NULL, 10, 0, 'assigned', '2026-06-15', '2026-08-14', '18:30:00', '20:30:00', '2026-07-15', '2026-07-30', 'ok', 'XV', 'lun', 'vie', 13, 0, 13, 18, 8, 1, 'lunes', 'JUNIO', 'AGOSTO', 2026, 'not_started', 'active'),
  (42, 45, 'FSJ35', 7, 6, 1, 1, 1, 11, 0, 'assigned', '2026-06-15', '2026-12-01', '15:00:00', '17:00:00', '2026-09-07', '2026-10-19', 'ok', 'LXV', 'lun', 'mar', 60, 0, 60, 72, 24, 5, 'lunes', 'JUNIO', 'DICIEMBRE', 2026, 'not_started', 'active'),
  (43, 46, 'JD24', 16, 7, 1, 1, NULL, 8, 0, 'assigned', '2026-06-15', '2026-10-16', '18:00:00', '20:00:00', '2026-08-15', '2026-09-15', 'ok', 'LXV', 'lun', 'vie', 17, 35, 52, 54, 17, 4, 'lunes', 'JUNIO', 'OCTUBRE', 2026, 'not_started', 'active'),
  (44, 47, 'WDFRT1', 17, 7, 1, 1, NULL, 9, 0, 'assigned', '2026-06-15', '2026-10-16', '16:00:00', '17:59:00', '2026-08-15', '2026-09-15', 'ok', 'LXV', 'lun', 'vie', 17, 35, 52, 54, 17, 4, 'lunes', 'JUNIO', 'OCTUBRE', 2026, 'not_started', 'active'),
  (45, 27, 'AILMT-K1', 18, 3, 1, 1, NULL, 7, 0, 'assigned', '2026-06-18', '2026-10-01', '16:00:00', '18:00:00', '2026-08-09', '2026-09-04', 'ok', 'J', 'jue', 'jue', 0, 0, 0, 0, 15, 3, 'jueves', 'JUNIO', 'OCTUBRE', 2026, 'not_started', 'active'),
  (46, 49, 'AIGSK17', 1, 1, 2, 7, NULL, 21, 0, 'assigned', '2026-06-22', '2026-07-22', '18:30:00', '20:30:00', '2026-07-07', '2026-07-14', 'ok', 'XV', 'lun', 'mié', 13, 0, 13, 8, 4, 1, 'lunes', 'JUNIO', 'JULIO', 2026, 'not_started', 'active'),
  (47, 51, 'FSJ36', 7, 6, 1, 1, 1, 22, 0, 'assigned', '2026-06-23', '2026-12-06', '18:00:00', '20:00:00', '2026-09-14', '2026-10-25', 'ok', 'MJS', 'mar', 'dom', 30, 30, 60, 72, 23, 5, 'martes', 'JUNIO', 'DICIEMBRE', 2026, 'not_started', 'active'),
  (48, 43, 'TECHF3', 6, 1, 1, 1, NULL, 8, 0, 'assigned', '2026-06-29', '2026-08-28', '18:30:00', '20:30:00', '2026-07-29', '2026-08-13', 'ok', 'MJS', 'lun', 'vie', 15, 0, 15, 26, 8, 1, 'lunes', 'JUNIO', 'AGOSTO', 2026, 'not_started', 'active'),
  (49, 52, 'AIESS6', 2, 1, 1, 6, NULL, 1, 0, 'assigned', '2026-06-29', '2026-08-28', '18:30:00', '20:30:00', '2026-07-29', '2026-08-13', 'clash', 'XV', 'lun', 'vie', 0, 0, 0, 18, 8, 1, 'lunes', 'JUNIO', 'AGOSTO', 2026, 'not_started', 'active'),
  (50, 53, 'AIGSK-S1', 1, 8, NULL, 1, NULL, 3, 0, 'assigned', '2026-07-01', '2026-07-31', '15:00:00', '17:00:00', '2026-07-16', '2026-07-23', 'ok', 'LX', 'mié', 'vie', 0, 0, 0, 10, 4, 0, 'miércoles', 'JULIO', 'JULIO', 2026, 'not_started', 'active'),
  (51, 54, 'AIGSK-S2', 1, 8, NULL, 1, NULL, 3, 0, 'assigned', '2026-07-01', '2026-07-31', '18:30:00', '20:30:00', '2026-07-16', '2026-07-23', 'ok', 'MJ', 'mié', 'vie', 0, 0, 0, 10, 4, 0, 'miércoles', 'JULIO', 'JULIO', 2026, 'not_started', 'active'),
  (52, 55, 'AIGSK-S3', 1, 8, NULL, 1, NULL, 11, 0, 'assigned', '2026-07-01', '2026-07-31', '18:30:00', '20:30:00', '2026-07-16', '2026-07-23', 'ok', 'LX', 'mié', 'vie', 0, 0, 0, 10, 4, 0, 'miércoles', 'JULIO', 'JULIO', 2026, 'not_started', 'active'),
  (53, 56, 'AIGSK-S4', 1, 8, NULL, 1, NULL, 11, 0, 'assigned', '2026-07-01', '2026-07-31', '18:30:00', '20:30:00', '2026-07-16', '2026-07-23', 'ok', 'MJ', 'mié', 'vie', 0, 0, 0, 10, 4, 0, 'miércoles', 'JULIO', 'JULIO', 2026, 'not_started', 'active'),
  (54, 57, 'AIGSK-S5', 1, 8, NULL, 1, NULL, 23, 0, 'assigned', '2026-07-01', '2026-07-31', '18:30:00', '20:30:00', '2026-07-16', '2026-07-23', 'ok', 'LX', 'mié', 'vie', 0, 0, 0, 10, 4, 0, 'miércoles', 'JULIO', 'JULIO', 2026, 'not_started', 'active'),
  (55, 58, 'AIGSK-S6', 1, 8, NULL, 1, NULL, 23, 0, 'assigned', '2026-07-01', '2026-07-31', '18:30:00', '20:30:00', '2026-07-16', '2026-07-23', 'ok', 'MJ', 'mié', 'vie', 0, 0, 0, 10, 4, 0, 'miércoles', 'JULIO', 'JULIO', 2026, 'not_started', 'active'),
  (56, 59, 'AIGSK-S7', 1, 8, NULL, 1, NULL, 24, 0, 'assigned', '2026-07-01', '2026-07-31', '18:30:00', '20:30:00', '2026-07-16', '2026-07-23', 'ok', 'LX', 'mié', 'vie', 0, 0, 0, 10, 4, 0, 'miércoles', 'JULIO', 'JULIO', 2026, 'not_started', 'active'),
  (57, 60, 'AIGSK-S8', 1, 8, NULL, 1, NULL, 24, 0, 'assigned', '2026-07-01', '2026-07-31', '18:30:00', '20:30:00', '2026-07-16', '2026-07-23', 'ok', 'MJ', 'mié', 'vie', 0, 0, 0, 10, 4, 0, 'miércoles', 'JULIO', 'JULIO', 2026, 'not_started', 'active'),
  (58, 61, 'AIESS7', 2, 6, 1, 5, NULL, 20, 0, 'assigned', '2026-07-01', '2026-08-16', '18:30:00', '20:30:00', '2026-07-24', '2026-08-04', 'ok', 'LX', 'mié', 'dom', 0, 0, 0, 14, 6, 1, 'miércoles', 'JULIO', 'AGOSTO', 2026, 'not_started', 'active'),
  (59, 62, 'SQL6', 10, 6, 1, 1, NULL, 25, 0, 'assigned', '2026-07-06', '2026-11-03', '18:00:00', '20:00:00', '2026-09-04', '2026-10-04', 'ok', 'LXV', 'lun', 'mar', 0, 52, 52, 51, 17, 3, 'lunes', 'JULIO', 'NOVIEMBRE', 2026, 'not_started', 'active'),
  (60, 63, 'AIGSK19', 1, 6, 1, 8, NULL, 20, 0, 'assigned', '2026-07-07', '2026-07-23', '18:30:00', '20:30:00', '2026-07-15', '2026-07-19', 'ok', 'MJ', 'mar', 'jue', 27, 18, 45, 6, 2, 0, 'martes', 'JULIO', 'JULIO', 2026, 'not_started', 'active'),
  (61, 64, 'DATTR2', 14, 6, 1, 1, 4, 26, 0, 'assigned', '2026-07-07', '2026-10-10', '18:30:00', '20:30:00', '2026-08-23', '2026-09-16', 'ok', 'LMX', 'mar', 'sáb', 27, 33, 60, 42, 13, 3, 'martes', 'JULIO', 'OCTUBRE', 2026, 'not_started', 'active'),
  (62, 65, 'AIDSR1', 19, 1, 1, 1, NULL, 22, 0, 'assigned', '2026-07-07', '2026-09-09', '18:30:00', '20:30:00', '2026-08-08', '2026-08-24', 'ok', 'LX', 'mar', 'mié', 7, 6, 13, 20, 9, 2, 'martes', 'JULIO', 'SEPTIEMBRE', 2026, 'not_started', 'active'),
  (63, 48, 'AIESS5', 2, 1, 2, 4, NULL, 5, 0, 'assigned', '2026-07-09', '2026-09-09', '16:00:00', '18:00:00', '2026-08-09', '2026-08-24', 'ok', 'MJ', 'jue', 'mié', 0, 0, 0, 18, 8, 2, 'jueves', 'JULIO', 'SEPTIEMBRE', 2026, 'not_started', 'active'),
  (64, 66, 'PY5', 5, 6, 1, 1, NULL, 27, 0, 'assigned', '2026-07-09', '2026-11-04', '18:00:00', '20:00:00', '2026-09-06', '2026-10-05', 'ok', 'MJS', 'jue', 'mié', 0, 44, 44, 51, 16, 3, 'jueves', 'JULIO', 'NOVIEMBRE', 2026, 'not_started', 'active'),
  (65, 67, 'AIGSK20', 1, 1, 2, 9, NULL, 13, 0, 'assigned', '2026-07-13', '2026-08-14', '18:30:00', '20:30:00', '2026-07-29', '2026-08-06', 'ok', 'MJ', 'lun', 'vie', 13, 0, 13, 10, 4, 1, 'lunes', 'JULIO', 'AGOSTO', 2026, 'not_started', 'active'),
  (66, 50, 'AIGSK18', 1, 1, 2, 10, NULL, 12, 0, 'assigned', '2026-07-20', '2026-08-21', '16:00:00', '18:00:00', '2026-08-05', '2026-08-13', 'ok', 'MJ', 'lun', 'vie', 0, 0, 0, 10, 4, 1, 'lunes', 'JULIO', 'AGOSTO', 2026, 'not_started', 'active'),
  (67, 69, 'AIESS8', 2, 1, 2, 7, NULL, 21, 0, 'assigned', '2026-07-23', '2026-09-23', '18:30:00', '20:30:00', '2026-08-23', '2026-09-07', 'ok', 'XV', 'jue', 'mié', 0, 0, 0, 18, 8, 2, 'jueves', 'JULIO', 'SEPTIEMBRE', 2026, 'not_started', 'active'),
  (68, 70, 'AIESS9', 2, 6, 1, 8, NULL, 20, 0, 'assigned', '2026-07-25', '2026-09-10', '18:30:00', '20:30:00', '2026-08-17', '2026-08-29', 'ok', 'MJ', 'sáb', 'jue', 0, 0, 0, 14, 6, 1, 'sábado', 'JULIO', 'SEPTIEMBRE', 2026, 'not_started', 'active'),
  (69, 71, 'AIGSK-S9', 1, 8, NULL, 1, NULL, 3, 0, 'assigned', '2026-08-03', '2026-08-31', '15:00:00', '17:00:00', '2026-08-17', '2026-08-24', 'ok', 'LX', 'lun', 'lun', 0, 0, 0, 8, 4, 0, 'lunes', 'AGOSTO', 'AGOSTO', 2026, 'not_started', 'active'),
  (70, 72, 'AIGSK-S10', 1, 8, NULL, 1, NULL, 3, 0, 'assigned', '2026-08-03', '2026-08-31', '18:30:00', '20:30:00', '2026-08-17', '2026-08-24', 'ok', 'MJ', 'lun', 'lun', 0, 0, 0, 8, 4, 0, 'lunes', 'AGOSTO', 'AGOSTO', 2026, 'not_started', 'active'),
  (71, 73, 'AIGSK-S11', 1, 8, NULL, 1, NULL, 11, 0, 'assigned', '2026-08-03', '2026-08-31', '18:30:00', '20:30:00', '2026-08-17', '2026-08-24', 'ok', 'LX', 'lun', 'lun', 0, 0, 0, 8, 4, 0, 'lunes', 'AGOSTO', 'AGOSTO', 2026, 'not_started', 'active'),
  (72, 74, 'AIGSK-S12', 1, 8, NULL, 1, NULL, 11, 0, 'assigned', '2026-08-03', '2026-08-31', '18:30:00', '20:30:00', '2026-08-17', '2026-08-24', 'ok', 'MJ', 'lun', 'lun', 0, 0, 0, 8, 4, 0, 'lunes', 'AGOSTO', 'AGOSTO', 2026, 'not_started', 'active'),
  (73, 75, 'AIGSK-S13', 1, 8, NULL, 1, NULL, 23, 0, 'assigned', '2026-08-03', '2026-08-31', '18:30:00', '20:30:00', '2026-08-17', '2026-08-24', 'ok', 'LX', 'lun', 'lun', 0, 0, 0, 8, 4, 0, 'lunes', 'AGOSTO', 'AGOSTO', 2026, 'not_started', 'active'),
  (74, 76, 'AIGSK-S14', 1, 8, NULL, 1, NULL, 23, 0, 'assigned', '2026-08-03', '2026-08-31', '18:30:00', '20:30:00', '2026-08-17', '2026-08-24', 'ok', 'MJ', 'lun', 'lun', 0, 0, 0, 8, 4, 0, 'lunes', 'AGOSTO', 'AGOSTO', 2026, 'not_started', 'active'),
  (75, 77, 'AIGSK-S15', 1, 8, NULL, 1, NULL, 24, 0, 'assigned', '2026-08-03', '2026-08-31', '18:30:00', '20:30:00', '2026-08-17', '2026-08-24', 'ok', 'LX', 'lun', 'lun', 0, 0, 0, 8, 4, 0, 'lunes', 'AGOSTO', 'AGOSTO', 2026, 'not_started', 'active'),
  (76, 78, 'AIGSK-S16', 1, 8, NULL, 1, NULL, 24, 0, 'assigned', '2026-08-03', '2026-08-31', '18:30:00', '20:30:00', '2026-08-17', '2026-08-24', 'ok', 'MJ', 'lun', 'lun', 0, 0, 0, 8, 4, 0, 'lunes', 'AGOSTO', 'AGOSTO', 2026, 'not_started', 'active'),
  (77, 79, 'AIESS10', 2, 1, 2, 1, NULL, 13, 0, 'assigned', '2026-08-10', '2026-10-02', '18:30:00', '20:30:00', '2026-09-05', '2026-09-18', 'ok', 'XV', 'lun', 'vie', 13, 0, 13, 16, 7, 1, 'lunes', 'AGOSTO', 'OCTUBRE', 2026, 'not_started', 'active'),
  (78, 80, 'AIESS11', 2, 6, 1, 11, NULL, 12, 0, 'assigned', '2026-08-10', '2026-09-14', '15:00:00', '17:00:00', '2026-08-27', '2026-09-05', 'ok', 'LX', 'lun', 'lun', 25, 18, 43, 10, 5, 1, 'lunes', 'AGOSTO', 'SEPTIEMBRE', 2026, 'not_started', 'active'),
  (79, 81, 'AIMLF1', 20, 6, 1, 1, NULL, 28, 0, 'assigned', '2026-08-10', '2026-11-07', '18:00:00', '20:00:00', '2026-09-23', '2026-10-15', 'ok', 'LMX', 'lun', 'sáb', 30, 13, 43, 39, 12, 2, 'lunes', 'AGOSTO', 'NOVIEMBRE', 2026, 'not_started', 'active'),
  (80, 82, 'BIANL2', 11, 6, 1, 1, 4, 29, 0, 'assigned', '2026-08-10', '2026-12-04', '18:30:00', '20:30:00', '2026-10-07', '2026-11-05', 'ok', 'LXV', 'lun', 'vie', 29, 31, 60, 51, 16, 3, 'lunes', 'AGOSTO', 'DICIEMBRE', 2026, 'not_started', 'active'),
  (81, 83, 'PY6', 5, 6, 1, 1, NULL, 7, 0, 'assigned', '2026-08-10', '2026-12-04', '18:30:00', '20:30:00', '2026-10-07', '2026-11-05', 'ok', 'JVS', 'lun', 'vie', 43, 0, 43, 50, 16, 3, 'lunes', 'AGOSTO', 'DICIEMBRE', 2026, 'not_started', 'active'),
  (82, 84, 'AIGSK21', 1, 1, 1, 12, NULL, 19, 0, 'assigned', '2026-08-10', '2026-09-04', '18:30:00', '20:30:00', '2026-08-22', '2026-08-28', 'ok', 'XV', 'lun', 'vie', 13, 0, 13, 8, 3, 0, 'lunes', 'AGOSTO', 'SEPTIEMBRE', 2026, 'not_started', 'active'),
  (83, 85, 'AIGSK22', 1, 6, 1, 13, NULL, 30, 0, 'assigned', '2026-08-10', '2026-08-26', '18:30:00', '20:30:00', '2026-08-18', '2026-08-22', 'ok', 'LX', 'lun', 'mié', 24, 18, 42, 6, 2, 0, 'lunes', 'AGOSTO', 'AGOSTO', 2026, 'not_started', 'active'),
  (84, 86, 'DATTR3', 14, 6, 1, 1, 4, 31, 0, 'assigned', '2026-08-12', '2026-11-08', '18:30:00', '20:30:00', '2026-09-25', '2026-10-17', 'ok', 'LXV', 'mié', 'dom', 18, 42, 60, 39, 12, 2, 'miércoles', 'AGOSTO', 'NOVIEMBRE', 2026, 'not_started', 'active'),
  (85, 87, 'AITCH5', 3, 6, 1, 1, NULL, 12, 0, 'assigned', '2026-08-13', '2026-10-06', '18:30:00', '20:30:00', '2026-09-09', '2026-09-22', 'ok', 'JV', 'jue', 'mar', 36, 9, 45, 16, 7, 1, 'jueves', 'AGOSTO', 'OCTUBRE', 2026, 'not_started', 'active'),
  (86, 89, 'AIMLF2', 20, 6, 1, 1, NULL, 7, 0, 'assigned', '2026-08-18', '2026-11-15', '18:00:00', '20:00:00', '2026-10-01', '2026-10-23', 'ok', 'LMX', 'mar', 'dom', 31, 14, 45, 39, 12, 2, 'martes', 'AGOSTO', 'NOVIEMBRE', 2026, 'not_started', 'active'),
  (87, 90, 'AIESS12', 2, 1, 2, 9, NULL, 13, 0, 'assigned', '2026-08-18', '2026-10-19', '18:30:00', '20:30:00', '2026-09-18', '2026-10-03', 'ok', 'MJ', 'mar', 'lun', 0, 0, 0, 18, 8, 2, 'martes', 'AGOSTO', 'OCTUBRE', 2026, 'not_started', 'active'),
  (88, 91, 'BIANL3', 11, 9, 1, 1, NULL, 32, 0, 'assigned', '2026-08-19', '2026-12-13', '18:30:00', '20:30:00', '2026-10-16', '2026-11-14', 'ok', 'LXV', 'mié', 'dom', 30, 30, 60, 51, 16, 3, 'miércoles', 'AGOSTO', 'DICIEMBRE', 2026, 'not_started', 'active'),
  (89, 92, 'BIANL4', 11, 9, 1, 1, 4, 32, 0, 'assigned', '2026-08-19', '2026-12-13', '18:30:00', '20:30:00', '2026-10-16', '2026-11-14', 'ok', 'MJS', 'mié', 'dom', 30, 30, 60, 51, 16, 3, 'miércoles', 'AGOSTO', 'DICIEMBRE', 2026, 'not_started', 'active'),
  (90, 93, 'SQL7', 10, 9, 1, 1, 4, 31, 0, 'assigned', '2026-08-19', '2026-12-13', '18:30:00', '20:30:00', '2026-10-16', '2026-11-14', 'ok', 'MJS', 'mié', 'dom', 30, 30, 60, 51, 16, 3, 'miércoles', 'AGOSTO', 'DICIEMBRE', 2026, 'not_started', 'active'),
  (91, 94, 'AIESS13', 2, 1, 2, 10, NULL, 12, 0, 'assigned', '2026-08-24', '2026-10-26', '16:00:00', '18:00:00', '2026-09-24', '2026-10-10', 'ok', 'MJ', 'lun', 'lun', 13, 0, 13, 18, 9, 2, 'lunes', 'AGOSTO', 'OCTUBRE', 2026, 'not_started', 'active'),
  (92, 95, 'AIGSK23', 1, 1, 1, 1, NULL, 10, 0, 'assigned', '2026-08-24', '2026-09-25', '18:30:00', '20:30:00', '2026-09-09', '2026-09-17', 'ok', 'XV', 'lun', 'vie', 6, 2, 8, 10, 4, 1, 'lunes', 'AGOSTO', 'SEPTIEMBRE', 2026, 'not_started', 'active'),
  (93, 96, 'AIESS14', 2, 6, 1, 13, NULL, 30, 0, 'assigned', '2026-08-28', '2026-10-02', '18:30:00', '20:30:00', '2026-09-14', '2026-09-23', 'ok', 'LX', 'vie', 'vie', 0, 0, 0, 10, 5, 1, 'viernes', 'AGOSTO', 'OCTUBRE', 2026, 'not_started', 'active'),
  (94, 97, 'AITCH6', 3, 6, 1, 1, NULL, 1, 0, 'assigned', '2026-08-29', '2026-10-20', '18:30:00', '20:30:00', '2026-09-24', '2026-10-07', 'ok', 'XV', 'sáb', 'mar', 36, 9, 45, 14, 7, 1, 'sábado', 'AGOSTO', 'OCTUBRE', 2026, 'not_started', 'active'),
  (95, 98, 'AIGSK-S17', 1, 8, NULL, 1, NULL, 3, 0, 'assigned', '2026-09-01', '2026-09-30', '18:30:00', '20:30:00', '2026-09-15', '2026-09-22', 'clash', 'LX', 'mar', 'mié', 0, 0, 0, 10, 4, 0, 'martes', 'SEPTIEMBRE', 'SEPTIEMBRE', 2026, 'not_started', 'active'),
  (96, 99, 'AIGSK-S18', 1, 8, NULL, 1, NULL, 3, 0, 'assigned', '2026-09-01', '2026-09-30', '18:30:00', '20:30:00', '2026-09-15', '2026-09-22', 'ok', 'MJ', 'mar', 'mié', 0, 0, 0, 8, 4, 0, 'martes', 'SEPTIEMBRE', 'SEPTIEMBRE', 2026, 'not_started', 'active'),
  (97, 100, 'AIGSK-S19', 1, 8, NULL, 1, NULL, 11, 0, 'assigned', '2026-09-01', '2026-09-30', '18:30:00', '20:30:00', '2026-09-15', '2026-09-22', 'ok', 'LX', 'mar', 'mié', 0, 0, 0, 10, 4, 0, 'martes', 'SEPTIEMBRE', 'SEPTIEMBRE', 2026, 'not_started', 'active'),
  (98, 101, 'AIGSK-S20', 1, 8, NULL, 1, NULL, 11, 0, 'assigned', '2026-09-01', '2026-09-30', '18:30:00', '20:30:00', '2026-09-15', '2026-09-22', 'ok', 'MJ', 'mar', 'mié', 0, 0, 0, 8, 4, 0, 'martes', 'SEPTIEMBRE', 'SEPTIEMBRE', 2026, 'not_started', 'active'),
  (99, 102, 'AIGSK-S21', 1, 8, NULL, 1, NULL, 23, 0, 'assigned', '2026-09-01', '2026-09-30', '18:30:00', '20:30:00', '2026-09-15', '2026-09-22', 'ok', 'LX', 'mar', 'mié', 0, 0, 0, 10, 4, 0, 'martes', 'SEPTIEMBRE', 'SEPTIEMBRE', 2026, 'not_started', 'active'),
  (100, 103, 'AIGSK-S22', 1, 8, NULL, 1, NULL, 23, 0, 'assigned', '2026-09-01', '2026-09-30', '18:30:00', '20:30:00', '2026-09-15', '2026-09-22', 'ok', 'MJ', 'mar', 'mié', 0, 0, 0, 8, 4, 0, 'martes', 'SEPTIEMBRE', 'SEPTIEMBRE', 2026, 'not_started', 'active');
INSERT INTO cohort_sections (id, source_row_number, section_code, bootcamp_id, project_id, client_id, bundle_id, mentor_id, coach_id, certification_required, assignment_status, start_date, end_date, start_time, end_time, training_date_50, training_date_75, clash_status, calendar_pattern, start_weekday_label, end_weekday_label, b2b_target, b2c_target, total_students_target, class_count, calendar_week_count, calendar_month_count, kickoff_day_label, start_month_label, end_month_label, start_year, training_status, status) VALUES
  (101, 104, 'AIGSK-S23', 1, 8, NULL, 1, NULL, 24, 0, 'assigned', '2026-09-01', '2026-09-30', '18:30:00', '20:30:00', '2026-09-15', '2026-09-22', 'ok', 'LX', 'mar', 'mié', 0, 0, 0, 10, 4, 0, 'martes', 'SEPTIEMBRE', 'SEPTIEMBRE', 2026, 'not_started', 'active'),
  (102, 105, 'AIGSK24', 1, 1, 2, 14, NULL, 19, 0, 'assigned', '2026-09-01', '2026-09-25', '18:30:00', '20:30:00', '2026-09-13', '2026-09-19', 'ok', 'MJ', 'mar', 'vie', 16, 0, 16, 8, 3, 0, 'martes', 'SEPTIEMBRE', 'SEPTIEMBRE', 2026, 'not_started', 'active'),
  (103, 106, 'BIANL5', 11, 1, 1, 1, NULL, 33, 0, 'pending', '2026-09-01', '2026-12-18', '18:30:00', '20:30:00', '2026-10-25', '2026-11-21', 'ok', 'LXV', 'mar', 'vie', 0, 0, 0, 48, 15, 3, 'martes', 'SEPTIEMBRE', 'DICIEMBRE', 2026, 'not_started', 'active'),
  (104, 107, 'AIGSK25', 1, 1, 2, 15, NULL, 34, 0, 'pending', '2026-09-07', '2026-10-09', '18:30:00', '20:30:00', '2026-09-23', '2026-10-01', 'ok', 'MJ', 'lun', 'vie', 13, 0, 13, 10, 4, 1, 'lunes', 'SEPTIEMBRE', 'OCTUBRE', 2026, 'not_started', 'active'),
  (105, 108, 'AIESS15', 2, 1, 1, 12, NULL, 19, 0, 'assigned', '2026-09-07', '2026-11-09', '18:30:00', '20:30:00', '2026-10-08', '2026-10-24', 'ok', 'XV', 'lun', 'lun', 0, 0, 0, 18, 9, 2, 'lunes', 'SEPTIEMBRE', 'NOVIEMBRE', 2026, 'not_started', 'active'),
  (106, 109, 'AIDJR3', 15, 6, 1, 1, 5, 18, 0, 'assigned', '2026-09-09', '2026-10-20', '18:30:00', '20:30:00', '2026-09-29', '2026-10-09', 'ok', 'XV', 'mié', 'mar', 0, 45, 45, 12, 5, 1, 'miércoles', 'SEPTIEMBRE', 'OCTUBRE', 2026, 'not_started', 'active'),
  (107, 88, 'AISCA2', 9, 1, 2, 4, NULL, 5, 0, 'assigned', '2026-09-10', '2026-10-09', '16:00:00', '18:00:00', '2026-09-24', '2026-10-01', 'ok', 'MJ', 'jue', 'vie', 0, 0, 0, 10, 4, 0, 'jueves', 'SEPTIEMBRE', 'OCTUBRE', 2026, 'not_started', 'active'),
  (108, 110, 'WDFRT2', 17, 6, 1, 1, 2, 9, 0, 'assigned', '2026-09-10', '2026-12-07', '18:00:00', '20:00:00', '2026-10-24', '2026-11-15', 'ok', 'LMX', 'jue', 'lun', 23, 23, 46, 36, 12, 2, 'jueves', 'SEPTIEMBRE', 'DICIEMBRE', 2026, 'not_started', 'active'),
  (109, 111, 'AIGSK26', 1, 1, 2, 16, NULL, 3, 0, 'assigned', '2026-09-14', '2026-10-09', '18:30:00', '20:30:00', '2026-09-26', '2026-10-02', 'clash', 'XV', 'lun', 'vie', 16, 0, 16, 8, 3, 0, 'lunes', 'SEPTIEMBRE', 'OCTUBRE', 2026, 'not_started', 'active'),
  (110, 112, 'AISCA3', 9, 6, 1, 11, NULL, 12, 0, 'assigned', '2026-09-16', '2026-10-07', '15:00:00', '17:00:00', '2026-09-26', '2026-10-01', 'ok', 'LX', 'mié', 'mié', 0, 0, 0, 8, 3, 0, 'miércoles', 'SEPTIEMBRE', 'OCTUBRE', 2026, 'not_started', 'active'),
  (111, 113, 'WDFRT3', 17, 9, 1, 1, NULL, 4, 0, 'assigned', '2026-09-16', '2026-12-13', '18:30:00', '20:30:00', '2026-10-30', '2026-11-21', 'ok', 'LXV', 'mié', 'dom', 30, 30, 60, 39, 12, 2, 'miércoles', 'SEPTIEMBRE', 'DICIEMBRE', 2026, 'not_started', 'active'),
  (112, 114, 'AIGSK27', 1, 9, 1, 17, NULL, 20, 0, 'assigned', '2026-09-17', '2026-10-03', '16:00:00', '18:00:00', '2026-09-25', '2026-09-29', 'ok', 'XV', 'jue', 'sáb', 27, 18, 45, 6, 2, 0, 'jueves', 'SEPTIEMBRE', 'OCTUBRE', 2026, 'not_started', 'active'),
  (113, 117, 'AIESS16', 2, 1, 2, 1, NULL, 2, 0, 'assigned', '2026-09-28', '2026-11-27', '18:30:00', '20:30:00', '2026-10-28', '2026-11-12', 'ok', 'MJ', 'lun', 'vie', 10, 0, 10, 18, 8, 1, 'lunes', 'SEPTIEMBRE', 'NOVIEMBRE', 2026, 'not_started', 'active'),
  (114, 118, 'AIESS17', 2, 1, 2, 14, NULL, 19, 0, 'assigned', '2026-09-28', '2026-11-27', '18:30:00', '20:30:00', '2026-10-28', '2026-11-12', 'ok', 'MJ', 'lun', 'vie', 0, 0, 0, 18, 8, 1, 'lunes', 'SEPTIEMBRE', 'NOVIEMBRE', 2026, 'not_started', 'active'),
  (115, 119, 'AIGSK28', 1, 1, 2, 1, NULL, 4, 0, 'assigned', '2026-10-05', '2026-11-06', '18:30:00', '20:30:00', '2026-10-21', '2026-10-29', 'ok', 'MJ', 'lun', 'vie', 10, 0, 10, 10, 4, 1, 'lunes', 'OCTUBRE', 'NOVIEMBRE', 2026, 'not_started', 'active'),
  (116, 120, 'AIGSK29', 1, 1, 2, 18, NULL, 5, 0, 'assigned', '2026-10-05', '2026-10-30', '18:30:00', '20:30:00', '2026-10-17', '2026-10-23', 'ok', 'XV', 'lun', 'vie', 12, 0, 12, 8, 3, 0, 'lunes', 'OCTUBRE', 'OCTUBRE', 2026, 'not_started', 'active'),
  (117, 121, 'AISCA5', 9, 6, 1, 13, NULL, 30, 0, 'assigned', '2026-10-05', '2026-10-25', '18:30:00', '20:30:00', '2026-10-15', '2026-10-20', 'ok', 'LX', 'lun', 'dom', 0, 0, 0, 6, 2, 0, 'lunes', 'OCTUBRE', 'OCTUBRE', 2026, 'not_started', 'active'),
  (118, 122, 'AIGSK30', 1, 1, 1, 19, NULL, 14, 0, 'assigned', '2026-10-05', '2026-10-30', '18:30:00', '20:30:00', '2026-10-17', '2026-10-23', 'ok', 'MJ', 'lun', 'vie', 13, 0, 13, 8, 3, 0, 'lunes', 'OCTUBRE', 'OCTUBRE', 2026, 'not_started', 'active'),
  (119, 123, 'AIESS18', 2, 9, 1, 17, NULL, 20, 0, 'assigned', '2026-10-06', '2026-11-15', '16:00:00', '18:00:00', '2026-10-26', '2026-11-05', 'ok', 'XV', 'mar', 'dom', 0, 0, 0, 12, 5, 1, 'martes', 'OCTUBRE', 'NOVIEMBRE', 2026, 'not_started', 'active'),
  (120, 124, 'AIDJR4', 15, 9, 1, 1, 1, 22, 0, 'assigned', '2026-10-06', '2026-11-17', '18:30:00', '20:30:00', '2026-10-27', '2026-11-06', 'ok', 'XV', 'mar', 'mar', 17, 35, 52, 12, 6, 1, 'martes', 'OCTUBRE', 'NOVIEMBRE', 2026, 'not_started', 'active'),
  (121, 115, 'AILMT-K2', 18, 3, 1, 1, NULL, 7, 0, 'assigned', '2026-10-08', '2026-12-18', '16:00:00', '18:00:00', '2026-11-12', '2026-11-30', 'ok', 'J', 'jue', 'vie', 0, 0, 0, 0, 10, 2, 'jueves', 'OCTUBRE', 'DICIEMBRE', 2026, 'not_started', 'active'),
  (122, 125, 'AIESS19', 2, 1, 2, 15, NULL, 34, 0, 'pending', '2026-10-12', '2026-12-11', '18:30:00', '20:30:00', '2026-11-11', '2026-11-26', 'ok', 'MJ', 'lun', 'vie', 0, 0, 0, 18, 8, 1, 'lunes', 'OCTUBRE', 'DICIEMBRE', 2026, 'not_started', 'active'),
  (123, 126, 'TECHF4', 6, 1, 2, 1, NULL, 5, 0, 'assigned', '2026-10-12', '2026-11-16', '18:30:00', '20:30:00', '2026-10-29', '2026-11-07', 'ok', 'MJ', 'lun', 'lun', 18, 0, 18, 10, 5, 1, 'lunes', 'OCTUBRE', 'NOVIEMBRE', 2026, 'not_started', 'active'),
  (124, 127, 'AIESS20', 2, 1, 2, 16, NULL, 3, 0, 'assigned', '2026-10-12', '2026-12-15', '18:30:00', '20:30:00', '2026-11-13', '2026-11-29', 'ok', 'XV', 'lun', 'mar', 0, 0, 0, 18, 9, 2, 'lunes', 'OCTUBRE', 'DICIEMBRE', 2026, 'not_started', 'active'),
  (125, 128, 'AIDJR5', 15, 9, 1, 1, NULL, 3, 0, 'assigned', '2026-10-15', '2026-11-29', '18:30:00', '20:30:00', '2026-11-06', '2026-11-17', 'ok', 'MJ', 'jue', 'dom', 17, 35, 52, 14, 6, 1, 'jueves', 'OCTUBRE', 'NOVIEMBRE', 2026, 'not_started', 'active'),
  (126, 116, 'AISCA4', 9, 1, 2, 10, NULL, 12, 0, 'assigned', '2026-10-27', '2026-11-27', '16:00:00', '18:00:00', '2026-11-11', '2026-11-19', 'ok', 'MJ', 'mar', 'vie', 0, 0, 0, 10, 4, 1, 'martes', 'OCTUBRE', 'NOVIEMBRE', 2026, 'not_started', 'active'),
  (127, 129, 'AIESS21', 2, 1, 2, 18, NULL, 5, 0, 'assigned', '2026-11-03', '2026-12-18', '18:30:00', '20:30:00', '2026-11-25', '2026-12-06', 'ok', 'XV', 'mar', 'vie', 16, 0, 16, 14, 6, 1, 'martes', 'NOVIEMBRE', 'DICIEMBRE', 2026, 'not_started', 'active'),
  (128, 130, 'AIESS22', 2, 1, 1, 19, NULL, 14, 0, 'assigned', '2026-11-03', '2027-01-15', '18:30:00', '20:30:00', '2026-12-09', '2026-12-27', 'ok', 'MJ', 'mar', 'vie', 0, 0, 0, 22, 10, 2, 'martes', 'NOVIEMBRE', 'ENERO', 2026, 'not_started', 'active'),
  (129, 132, 'TECHF5', 6, 1, 2, 1, NULL, 8, 0, 'assigned', '2026-11-09', '2026-12-18', '18:30:00', '20:30:00', '2026-11-28', '2026-12-08', 'ok', 'XV', 'lun', 'vie', 18, 0, 18, 12, 5, 1, 'lunes', 'NOVIEMBRE', 'DICIEMBRE', 2026, 'not_started', 'active'),
  (130, 133, 'AISCA6', 9, 1, 2, 15, NULL, 34, 0, 'pending', '2027-01-11', '2027-02-11', '18:30:00', '20:30:00', '2027-01-26', '2027-02-03', 'ok', 'MJ', 'lun', 'jue', 0, 0, 0, 10, 4, 1, 'lunes', 'ENERO', 'FEBRERO', 2027, 'not_started', 'active'),
  (131, 134, 'AISCA7', 9, 1, 1, 19, NULL, 14, 0, 'assigned', '2027-01-18', '2027-02-19', '18:30:00', '20:30:00', '2027-02-03', '2027-02-11', 'ok', 'MJ', 'lun', 'vie', 0, 0, 0, 10, 4, 1, 'lunes', 'ENERO', 'FEBRERO', 2027, 'not_started', 'active');

INSERT INTO cohort_section_memberships (section_id, bootcamp_family_id, cohort_type_code, cohort_year, cohort_month, target_students, actual_students, target_revenue, actual_revenue) VALUES
  (1, 1, 'B2B', 2026, 1, 7, 0, NULL, NULL),
  (1, 1, 'B2C', 2026, 1, 2, 0, NULL, NULL),
  (2, 2, 'B2B', 2026, 1, 10, 0, NULL, NULL),
  (3, 3, 'B2B', 2026, 2, 65, 0, NULL, NULL),
  (4, 3, 'B2B', 2026, 2, 65, 0, NULL, NULL),
  (5, 3, 'B2B', 2026, 2, 65, 0, NULL, NULL),
  (6, 4, 'B2B', 2026, 2, 6, 0, NULL, NULL),
  (6, 4, 'B2C', 2026, 2, 5, 0, NULL, NULL),
  (7, 5, 'B2C', 2026, 2, 0, 0, NULL, NULL),
  (8, 6, 'B2C', 2026, 2, 0, 0, NULL, NULL),
  (9, 7, 'B2C', 2026, 3, 0, 0, NULL, NULL),
  (10, 7, 'B2C', 2026, 3, 0, 0, NULL, NULL),
  (11, 8, 'B2B', 2026, 3, 8, 0, NULL, NULL),
  (11, 8, 'B2C', 2026, 3, 4, 0, NULL, NULL),
  (12, 6, 'B2B', 2026, 3, 27, 0, NULL, NULL),
  (12, 6, 'B2C', 2026, 3, 18, 0, NULL, NULL),
  (13, 1, 'B2B', 2026, 4, 14, 0, NULL, NULL),
  (13, 1, 'B2C', 2026, 4, 4, 0, NULL, NULL),
  (14, 9, 'B2B', 2026, 4, 65, 0, NULL, NULL),
  (15, 9, 'B2B', 2026, 4, 65, 0, NULL, NULL),
  (16, 9, 'B2B', 2026, 4, 65, 0, NULL, NULL),
  (17, 2, 'B2C', 2026, 4, 0, 0, NULL, NULL),
  (18, 1, 'B2B', 2026, 4, 14, 0, NULL, NULL),
  (18, 1, 'B2C', 2026, 4, 4, 0, NULL, NULL),
  (19, 1, 'B2B', 2026, 4, 23, 0, NULL, NULL),
  (20, 1, 'B2B', 2026, 4, 15, 0, NULL, NULL),
  (21, 4, 'B2B', 2026, 5, 36, 0, NULL, NULL),
  (22, 1, 'B2B', 2026, 5, 10, 0, NULL, NULL),
  (23, 1, 'B2B', 2026, 5, 31, 0, NULL, NULL),
  (24, 1, 'B2B', 2026, 6, 13, 0, NULL, NULL),
  (25, 1, 'B2B', 2026, 6, 31, 0, NULL, NULL),
  (26, 1, 'B2B', 2026, 6, 10, 0, NULL, NULL),
  (27, 2, 'B2B', 2026, 6, 10, 0, NULL, NULL),
  (28, 8, 'B2C', 2026, 6, 60, 0, NULL, NULL),
  (29, 10, 'B2B', 2026, 6, 52, 0, NULL, NULL),
  (30, 11, 'B2B', 2026, 6, 30, 0, NULL, NULL),
  (30, 11, 'B2C', 2026, 6, 30, 0, NULL, NULL),
  (31, 12, 'B2B', 2026, 6, 65, 0, NULL, NULL),
  (32, 12, 'B2B', 2026, 6, 65, 0, NULL, NULL),
  (33, 12, 'B2B', 2026, 6, 65, 0, NULL, NULL),
  (34, 13, 'B2B', 2026, 6, 11, 0, NULL, NULL),
  (35, 5, 'B2C', 2026, 6, 45, 0, NULL, NULL),
  (36, 14, 'B2B', 2026, 6, 27, 0, NULL, NULL),
  (36, 14, 'B2C', 2026, 6, 33, 0, NULL, NULL),
  (37, 15, 'B2C', 2026, 6, 45, 0, NULL, NULL),
  (38, 16, 'B2B', 2026, 6, 36, 0, NULL, NULL),
  (38, 16, 'B2C', 2026, 6, 9, 0, NULL, NULL),
  (39, 17, 'B2B', 2026, 6, 27, 0, NULL, NULL),
  (39, 17, 'B2C', 2026, 6, 18, 0, NULL, NULL),
  (40, 17, 'B2B', 2026, 6, 13, 0, NULL, NULL),
  (41, 6, 'B2B', 2026, 6, 13, 0, NULL, NULL),
  (42, 8, 'B2B', 2026, 6, 60, 0, NULL, NULL),
  (43, 18, 'B2B', 2026, 6, 17, 0, NULL, NULL),
  (43, 18, 'B2C', 2026, 6, 35, 0, NULL, NULL),
  (44, 19, 'B2B', 2026, 6, 17, 0, NULL, NULL),
  (44, 19, 'B2C', 2026, 6, 35, 0, NULL, NULL),
  (45, 20, 'B2C', 2026, 6, 0, 0, NULL, NULL),
  (46, 17, 'B2B', 2026, 6, 13, 0, NULL, NULL),
  (47, 8, 'B2B', 2026, 6, 30, 0, NULL, NULL),
  (47, 8, 'B2C', 2026, 6, 30, 0, NULL, NULL),
  (48, 7, 'B2B', 2026, 6, 15, 0, NULL, NULL),
  (49, 17, 'B2C', 2026, 6, 0, 0, NULL, NULL),
  (50, 1, 'B2B', 2026, 7, 0, 0, NULL, NULL),
  (51, 1, 'B2B', 2026, 7, 0, 0, NULL, NULL),
  (52, 1, 'B2B', 2026, 7, 0, 0, NULL, NULL),
  (53, 1, 'B2B', 2026, 7, 0, 0, NULL, NULL),
  (54, 1, 'B2B', 2026, 7, 0, 0, NULL, NULL),
  (55, 1, 'B2B', 2026, 7, 0, 0, NULL, NULL),
  (56, 1, 'B2B', 2026, 7, 0, 0, NULL, NULL),
  (57, 1, 'B2B', 2026, 7, 0, 0, NULL, NULL),
  (58, 17, 'B2C', 2026, 7, 0, 0, NULL, NULL),
  (59, 10, 'B2C', 2026, 7, 52, 0, NULL, NULL),
  (60, 17, 'B2B', 2026, 7, 27, 0, NULL, NULL),
  (60, 17, 'B2C', 2026, 7, 18, 0, NULL, NULL),
  (61, 14, 'B2B', 2026, 7, 27, 0, NULL, NULL),
  (61, 14, 'B2C', 2026, 7, 33, 0, NULL, NULL),
  (62, 21, 'B2B', 2026, 7, 7, 0, NULL, NULL),
  (62, 21, 'B2C', 2026, 7, 6, 0, NULL, NULL),
  (63, 2, 'B2B', 2026, 7, 0, 0, NULL, NULL),
  (64, 5, 'B2C', 2026, 7, 44, 0, NULL, NULL),
  (65, 17, 'B2B', 2026, 7, 13, 0, NULL, NULL),
  (66, 2, 'B2B', 2026, 7, 0, 0, NULL, NULL),
  (67, 17, 'B2B', 2026, 7, 0, 0, NULL, NULL),
  (68, 17, 'B2C', 2026, 7, 0, 0, NULL, NULL),
  (69, 1, 'B2B', 2026, 8, 0, 0, NULL, NULL),
  (70, 1, 'B2B', 2026, 8, 0, 0, NULL, NULL),
  (71, 1, 'B2B', 2026, 8, 0, 0, NULL, NULL),
  (72, 1, 'B2B', 2026, 8, 0, 0, NULL, NULL),
  (73, 1, 'B2B', 2026, 8, 0, 0, NULL, NULL),
  (74, 1, 'B2B', 2026, 8, 0, 0, NULL, NULL),
  (75, 1, 'B2B', 2026, 8, 0, 0, NULL, NULL),
  (76, 1, 'B2B', 2026, 8, 0, 0, NULL, NULL),
  (77, 6, 'B2B', 2026, 8, 13, 0, NULL, NULL),
  (78, 22, 'B2B', 2026, 8, 25, 0, NULL, NULL),
  (78, 22, 'B2C', 2026, 8, 18, 0, NULL, NULL),
  (79, 23, 'B2B', 2026, 8, 30, 0, NULL, NULL),
  (79, 23, 'B2C', 2026, 8, 13, 0, NULL, NULL),
  (80, 11, 'B2B', 2026, 8, 29, 0, NULL, NULL),
  (80, 11, 'B2C', 2026, 8, 31, 0, NULL, NULL),
  (81, 5, 'B2B', 2026, 8, 43, 0, NULL, NULL),
  (82, 17, 'B2B', 2026, 8, 13, 0, NULL, NULL),
  (83, 2, 'B2B', 2026, 8, 24, 0, NULL, NULL),
  (83, 2, 'B2C', 2026, 8, 18, 0, NULL, NULL),
  (84, 14, 'B2B', 2026, 8, 18, 0, NULL, NULL),
  (84, 14, 'B2C', 2026, 8, 42, 0, NULL, NULL),
  (85, 16, 'B2B', 2026, 8, 36, 0, NULL, NULL),
  (85, 16, 'B2C', 2026, 8, 9, 0, NULL, NULL),
  (86, 23, 'B2B', 2026, 8, 31, 0, NULL, NULL),
  (86, 23, 'B2C', 2026, 8, 14, 0, NULL, NULL),
  (87, 17, 'B2B', 2026, 8, 0, 0, NULL, NULL),
  (88, 11, 'B2B', 2026, 8, 30, 0, NULL, NULL),
  (88, 11, 'B2C', 2026, 8, 30, 0, NULL, NULL),
  (89, 11, 'B2B', 2026, 8, 30, 0, NULL, NULL),
  (89, 11, 'B2C', 2026, 8, 30, 0, NULL, NULL),
  (90, 10, 'B2B', 2026, 8, 30, 0, NULL, NULL),
  (90, 10, 'B2C', 2026, 8, 30, 0, NULL, NULL),
  (91, 2, 'B2B', 2026, 8, 13, 0, NULL, NULL),
  (92, 1, 'B2B', 2026, 8, 6, 0, NULL, NULL),
  (92, 1, 'B2C', 2026, 8, 2, 0, NULL, NULL),
  (93, 2, 'B2C', 2026, 8, 0, 0, NULL, NULL),
  (94, 16, 'B2B', 2026, 8, 36, 0, NULL, NULL),
  (94, 16, 'B2C', 2026, 8, 9, 0, NULL, NULL),
  (95, 1, 'B2B', 2026, 9, 0, 0, NULL, NULL),
  (96, 1, 'B2B', 2026, 9, 0, 0, NULL, NULL),
  (97, 1, 'B2B', 2026, 9, 0, 0, NULL, NULL),
  (98, 1, 'B2B', 2026, 9, 0, 0, NULL, NULL),
  (99, 1, 'B2B', 2026, 9, 0, 0, NULL, NULL),
  (100, 1, 'B2B', 2026, 9, 0, 0, NULL, NULL),
  (101, 1, 'B2B', 2026, 9, 0, 0, NULL, NULL),
  (102, 17, 'B2B', 2026, 9, 16, 0, NULL, NULL),
  (103, 11, 'B2C', 2026, 9, 0, 0, NULL, NULL),
  (104, 2, 'B2B', 2026, 9, 13, 0, NULL, NULL),
  (105, 17, 'B2C', 2026, 9, 0, 0, NULL, NULL),
  (106, 15, 'B2C', 2026, 9, 45, 0, NULL, NULL),
  (107, 2, 'B2B', 2026, 9, 0, 0, NULL, NULL),
  (108, 19, 'B2B', 2026, 9, 23, 0, NULL, NULL),
  (108, 19, 'B2C', 2026, 9, 23, 0, NULL, NULL),
  (109, 17, 'B2B', 2026, 9, 16, 0, NULL, NULL),
  (110, 22, 'B2C', 2026, 9, 0, 0, NULL, NULL),
  (111, 19, 'B2B', 2026, 9, 30, 0, NULL, NULL),
  (111, 19, 'B2C', 2026, 9, 30, 0, NULL, NULL),
  (112, 17, 'B2B', 2026, 9, 27, 0, NULL, NULL),
  (112, 17, 'B2C', 2026, 9, 18, 0, NULL, NULL),
  (113, 6, 'B2B', 2026, 9, 10, 0, NULL, NULL),
  (114, 17, 'B2B', 2026, 9, 0, 0, NULL, NULL),
  (115, 1, 'B2B', 2026, 10, 10, 0, NULL, NULL),
  (116, 17, 'B2B', 2026, 10, 12, 0, NULL, NULL),
  (117, 2, 'B2C', 2026, 10, 0, 0, NULL, NULL),
  (118, 2, 'B2B', 2026, 10, 13, 0, NULL, NULL),
  (119, 17, 'B2C', 2026, 10, 0, 0, NULL, NULL),
  (120, 15, 'B2B', 2026, 10, 17, 0, NULL, NULL),
  (120, 15, 'B2C', 2026, 10, 35, 0, NULL, NULL),
  (121, 20, 'B2C', 2026, 10, 0, 0, NULL, NULL),
  (122, 2, 'B2B', 2026, 10, 0, 0, NULL, NULL),
  (123, 7, 'B2B', 2026, 10, 18, 0, NULL, NULL),
  (124, 17, 'B2B', 2026, 10, 0, 0, NULL, NULL),
  (125, 15, 'B2B', 2026, 10, 17, 0, NULL, NULL),
  (125, 15, 'B2C', 2026, 10, 35, 0, NULL, NULL),
  (126, 2, 'B2B', 2026, 10, 0, 0, NULL, NULL),
  (127, 17, 'B2B', 2026, 11, 16, 0, NULL, NULL),
  (128, 2, 'B2C', 2026, 11, 0, 0, NULL, NULL),
  (129, 7, 'B2B', 2026, 11, 18, 0, NULL, NULL),
  (130, 2, 'B2B', 2027, 1, 0, 0, NULL, NULL),
  (131, 2, 'B2C', 2027, 1, 0, 0, NULL, NULL);

INSERT INTO cohort_section_class_days (section_id, day_position, weekday_id) VALUES
  (1, 1, 2),
  (1, 2, 4),
  (2, 1, 3),
  (2, 2, 4),
  (3, 1, 1),
  (3, 2, 3),
  (3, 3, 5),
  (4, 1, 1),
  (4, 2, 3),
  (4, 3, 5),
  (5, 1, 1),
  (5, 2, 3),
  (5, 3, 5),
  (6, 1, 1),
  (6, 2, 2),
  (6, 3, 3),
  (7, 1, 4),
  (8, 1, 2),
  (8, 2, 4),
  (9, 1, 1),
  (9, 4, 5),
  (10, 1, 1),
  (10, 4, 5),
  (11, 1, 1),
  (11, 2, 2),
  (11, 3, 3),
  (12, 1, 1),
  (12, 2, 3),
  (13, 1, 2),
  (13, 2, 4),
  (14, 1, 1),
  (14, 2, 3),
  (14, 3, 5),
  (15, 1, 1),
  (15, 2, 3),
  (15, 3, 5),
  (16, 1, 1),
  (16, 2, 3),
  (16, 3, 5),
  (17, 1, 3),
  (17, 2, 4),
  (18, 1, 2),
  (18, 2, 4),
  (19, 1, 2),
  (19, 2, 4),
  (20, 1, 2),
  (20, 2, 4),
  (21, 1, 1),
  (21, 2, 3),
  (21, 3, 5),
  (22, 1, 3),
  (22, 2, 5),
  (23, 1, 2),
  (23, 2, 4),
  (24, 1, 3),
  (24, 2, 5),
  (25, 1, 3),
  (25, 2, 5),
  (26, 1, 2),
  (26, 2, 4),
  (27, 1, 2),
  (27, 2, 4),
  (28, 1, 1),
  (28, 2, 3),
  (28, 3, 5),
  (29, 1, 1),
  (29, 2, 2),
  (29, 3, 3),
  (30, 1, 4),
  (30, 2, 5),
  (30, 3, 6),
  (31, 1, 1),
  (31, 2, 3),
  (31, 3, 5),
  (32, 1, 1),
  (32, 2, 3),
  (32, 3, 5),
  (33, 1, 1),
  (33, 2, 3),
  (33, 3, 5),
  (34, 1, 2),
  (34, 2, 4),
  (35, 1, 1),
  (35, 2, 2),
  (35, 3, 3),
  (36, 1, 1),
  (36, 2, 2),
  (36, 3, 3),
  (37, 1, 2),
  (37, 2, 4),
  (38, 1, 2),
  (38, 2, 4),
  (39, 1, 1),
  (39, 2, 3),
  (40, 1, 3),
  (40, 2, 5),
  (41, 1, 3),
  (41, 2, 5),
  (42, 1, 1),
  (42, 2, 3),
  (42, 3, 5),
  (43, 1, 1),
  (43, 2, 3),
  (43, 3, 5),
  (44, 1, 1),
  (44, 2, 3),
  (44, 3, 5),
  (45, 1, 4),
  (46, 1, 3),
  (46, 2, 5),
  (47, 1, 2),
  (47, 2, 4),
  (47, 3, 6),
  (48, 1, 2),
  (48, 2, 4),
  (48, 3, 6),
  (49, 1, 3),
  (49, 2, 5),
  (50, 1, 1),
  (50, 2, 3),
  (51, 1, 2),
  (51, 2, 4),
  (52, 1, 1),
  (52, 2, 3),
  (53, 1, 2),
  (53, 2, 4),
  (54, 1, 1),
  (54, 2, 3),
  (55, 1, 2),
  (55, 2, 4),
  (56, 1, 1),
  (56, 2, 3),
  (57, 1, 2),
  (57, 2, 4),
  (58, 1, 1),
  (58, 2, 3),
  (59, 1, 1),
  (59, 2, 3),
  (59, 3, 5),
  (60, 1, 2),
  (60, 2, 4),
  (61, 1, 1),
  (61, 2, 2),
  (61, 3, 3),
  (62, 1, 1),
  (62, 2, 3),
  (63, 1, 2),
  (63, 2, 4),
  (64, 1, 2),
  (64, 2, 4),
  (64, 3, 6),
  (65, 1, 2),
  (65, 2, 4),
  (66, 1, 2),
  (66, 2, 4),
  (67, 1, 3),
  (67, 2, 5),
  (68, 1, 2),
  (68, 2, 4),
  (69, 1, 1),
  (69, 2, 3),
  (70, 1, 2),
  (70, 2, 4),
  (71, 1, 1),
  (71, 2, 3),
  (72, 1, 2),
  (72, 2, 4),
  (73, 1, 1),
  (73, 2, 3),
  (74, 1, 2),
  (74, 2, 4),
  (75, 1, 1),
  (75, 2, 3),
  (76, 1, 2),
  (76, 2, 4),
  (77, 1, 3),
  (77, 2, 5),
  (78, 1, 1),
  (78, 2, 3),
  (79, 1, 1),
  (79, 2, 2),
  (79, 3, 3),
  (80, 1, 1),
  (80, 2, 3),
  (80, 3, 5),
  (81, 1, 4),
  (81, 2, 5),
  (81, 3, 6),
  (82, 1, 3),
  (82, 2, 5),
  (83, 1, 1),
  (83, 2, 3),
  (84, 1, 1),
  (84, 2, 3),
  (84, 3, 5),
  (85, 1, 4),
  (85, 2, 5),
  (86, 1, 1),
  (86, 2, 2),
  (86, 3, 3),
  (87, 1, 2),
  (87, 2, 4),
  (88, 1, 1),
  (88, 2, 3),
  (88, 3, 5),
  (89, 1, 2),
  (89, 2, 4),
  (89, 3, 6),
  (90, 1, 2),
  (90, 2, 4),
  (90, 3, 6),
  (91, 1, 2),
  (91, 2, 4),
  (92, 1, 3),
  (92, 2, 5),
  (93, 1, 1),
  (93, 2, 3),
  (94, 1, 3),
  (94, 2, 5),
  (95, 1, 1),
  (95, 2, 3),
  (96, 1, 2),
  (96, 2, 4),
  (97, 1, 1),
  (97, 2, 3),
  (98, 1, 2),
  (98, 2, 4),
  (99, 1, 1),
  (99, 2, 3),
  (100, 1, 2),
  (100, 2, 4),
  (101, 1, 1),
  (101, 2, 3),
  (102, 1, 2),
  (102, 2, 4),
  (103, 1, 1),
  (103, 2, 3),
  (103, 3, 5),
  (104, 1, 2),
  (104, 2, 4),
  (105, 1, 3),
  (105, 2, 5),
  (106, 1, 3),
  (106, 2, 5),
  (107, 1, 2),
  (107, 2, 4),
  (108, 1, 1),
  (108, 2, 2),
  (108, 3, 3),
  (109, 1, 3),
  (109, 2, 5),
  (110, 1, 1),
  (110, 2, 3),
  (111, 1, 1),
  (111, 2, 3),
  (111, 3, 5),
  (112, 1, 3),
  (112, 2, 5),
  (113, 1, 2),
  (113, 2, 4),
  (114, 1, 2),
  (114, 2, 4),
  (115, 1, 2),
  (115, 2, 4),
  (116, 1, 3),
  (116, 2, 5),
  (117, 1, 1),
  (117, 2, 3),
  (118, 1, 2),
  (118, 2, 4),
  (119, 1, 3),
  (119, 2, 5),
  (120, 1, 3),
  (120, 2, 5),
  (121, 1, 4),
  (122, 1, 2),
  (122, 2, 4),
  (123, 1, 2),
  (123, 2, 4),
  (124, 1, 3),
  (124, 2, 5),
  (125, 1, 2),
  (125, 2, 4),
  (126, 1, 2),
  (126, 2, 4),
  (127, 1, 3),
  (127, 2, 5),
  (128, 1, 2),
  (128, 2, 4),
  (129, 1, 3),
  (129, 2, 5),
  (130, 1, 2),
  (130, 2, 4),
  (131, 1, 2),
  (131, 2, 4);

INSERT INTO marketing_stages (bootcamp_family_id, cohort_type_code, cohort_year, cohort_month, stage_code, status) VALUES
  (1, 'B2B', 2026, 1, 'strategy', 'pending'),
  (1, 'B2B', 2026, 1, 'content', 'pending'),
  (1, 'B2B', 2026, 1, 'ads', 'pending'),
  (1, 'B2B', 2026, 1, 'organic', 'pending'),
  (1, 'B2B', 2026, 1, 'events', 'pending'),
  (1, 'B2B', 2026, 1, 'partnerships', 'pending'),
  (1, 'B2B', 2026, 1, 'analytics', 'pending'),
  (1, 'B2C', 2026, 1, 'strategy', 'pending'),
  (1, 'B2C', 2026, 1, 'content', 'pending'),
  (1, 'B2C', 2026, 1, 'ads', 'pending'),
  (1, 'B2C', 2026, 1, 'organic', 'pending'),
  (1, 'B2C', 2026, 1, 'events', 'pending'),
  (1, 'B2C', 2026, 1, 'partnerships', 'pending'),
  (1, 'B2C', 2026, 1, 'analytics', 'pending'),
  (2, 'B2B', 2026, 1, 'strategy', 'pending'),
  (2, 'B2B', 2026, 1, 'content', 'pending'),
  (2, 'B2B', 2026, 1, 'ads', 'pending'),
  (2, 'B2B', 2026, 1, 'organic', 'pending'),
  (2, 'B2B', 2026, 1, 'events', 'pending'),
  (2, 'B2B', 2026, 1, 'partnerships', 'pending'),
  (2, 'B2B', 2026, 1, 'analytics', 'pending'),
  (3, 'B2B', 2026, 2, 'strategy', 'pending'),
  (3, 'B2B', 2026, 2, 'content', 'pending'),
  (3, 'B2B', 2026, 2, 'ads', 'pending'),
  (3, 'B2B', 2026, 2, 'organic', 'pending'),
  (3, 'B2B', 2026, 2, 'events', 'pending'),
  (3, 'B2B', 2026, 2, 'partnerships', 'pending'),
  (3, 'B2B', 2026, 2, 'analytics', 'pending'),
  (4, 'B2B', 2026, 2, 'strategy', 'pending'),
  (4, 'B2B', 2026, 2, 'content', 'pending'),
  (4, 'B2B', 2026, 2, 'ads', 'pending'),
  (4, 'B2B', 2026, 2, 'organic', 'pending'),
  (4, 'B2B', 2026, 2, 'events', 'pending'),
  (4, 'B2B', 2026, 2, 'partnerships', 'pending'),
  (4, 'B2B', 2026, 2, 'analytics', 'pending'),
  (4, 'B2C', 2026, 2, 'strategy', 'pending'),
  (4, 'B2C', 2026, 2, 'content', 'pending'),
  (4, 'B2C', 2026, 2, 'ads', 'pending'),
  (4, 'B2C', 2026, 2, 'organic', 'pending'),
  (4, 'B2C', 2026, 2, 'events', 'pending'),
  (4, 'B2C', 2026, 2, 'partnerships', 'pending'),
  (4, 'B2C', 2026, 2, 'analytics', 'pending'),
  (5, 'B2C', 2026, 2, 'strategy', 'pending'),
  (5, 'B2C', 2026, 2, 'content', 'pending'),
  (5, 'B2C', 2026, 2, 'ads', 'pending'),
  (5, 'B2C', 2026, 2, 'organic', 'pending'),
  (5, 'B2C', 2026, 2, 'events', 'pending'),
  (5, 'B2C', 2026, 2, 'partnerships', 'pending'),
  (5, 'B2C', 2026, 2, 'analytics', 'pending'),
  (6, 'B2C', 2026, 2, 'strategy', 'pending'),
  (6, 'B2C', 2026, 2, 'content', 'pending'),
  (6, 'B2C', 2026, 2, 'ads', 'pending'),
  (6, 'B2C', 2026, 2, 'organic', 'pending'),
  (6, 'B2C', 2026, 2, 'events', 'pending'),
  (6, 'B2C', 2026, 2, 'partnerships', 'pending'),
  (6, 'B2C', 2026, 2, 'analytics', 'pending'),
  (7, 'B2C', 2026, 3, 'strategy', 'pending'),
  (7, 'B2C', 2026, 3, 'content', 'pending'),
  (7, 'B2C', 2026, 3, 'ads', 'pending'),
  (7, 'B2C', 2026, 3, 'organic', 'pending'),
  (7, 'B2C', 2026, 3, 'events', 'pending'),
  (7, 'B2C', 2026, 3, 'partnerships', 'pending'),
  (7, 'B2C', 2026, 3, 'analytics', 'pending'),
  (8, 'B2B', 2026, 3, 'strategy', 'pending'),
  (8, 'B2B', 2026, 3, 'content', 'pending'),
  (8, 'B2B', 2026, 3, 'ads', 'pending'),
  (8, 'B2B', 2026, 3, 'organic', 'pending'),
  (8, 'B2B', 2026, 3, 'events', 'pending'),
  (8, 'B2B', 2026, 3, 'partnerships', 'pending'),
  (8, 'B2B', 2026, 3, 'analytics', 'pending'),
  (8, 'B2C', 2026, 3, 'strategy', 'pending'),
  (8, 'B2C', 2026, 3, 'content', 'pending'),
  (8, 'B2C', 2026, 3, 'ads', 'pending'),
  (8, 'B2C', 2026, 3, 'organic', 'pending'),
  (8, 'B2C', 2026, 3, 'events', 'pending'),
  (8, 'B2C', 2026, 3, 'partnerships', 'pending'),
  (8, 'B2C', 2026, 3, 'analytics', 'pending'),
  (6, 'B2B', 2026, 3, 'strategy', 'pending'),
  (6, 'B2B', 2026, 3, 'content', 'pending'),
  (6, 'B2B', 2026, 3, 'ads', 'pending'),
  (6, 'B2B', 2026, 3, 'organic', 'pending'),
  (6, 'B2B', 2026, 3, 'events', 'pending'),
  (6, 'B2B', 2026, 3, 'partnerships', 'pending'),
  (6, 'B2B', 2026, 3, 'analytics', 'pending'),
  (6, 'B2C', 2026, 3, 'strategy', 'pending'),
  (6, 'B2C', 2026, 3, 'content', 'pending'),
  (6, 'B2C', 2026, 3, 'ads', 'pending'),
  (6, 'B2C', 2026, 3, 'organic', 'pending'),
  (6, 'B2C', 2026, 3, 'events', 'pending'),
  (6, 'B2C', 2026, 3, 'partnerships', 'pending'),
  (6, 'B2C', 2026, 3, 'analytics', 'pending'),
  (1, 'B2B', 2026, 4, 'strategy', 'pending'),
  (1, 'B2B', 2026, 4, 'content', 'pending'),
  (1, 'B2B', 2026, 4, 'ads', 'pending'),
  (1, 'B2B', 2026, 4, 'organic', 'pending'),
  (1, 'B2B', 2026, 4, 'events', 'pending'),
  (1, 'B2B', 2026, 4, 'partnerships', 'pending'),
  (1, 'B2B', 2026, 4, 'analytics', 'pending'),
  (1, 'B2C', 2026, 4, 'strategy', 'pending'),
  (1, 'B2C', 2026, 4, 'content', 'pending'),
  (1, 'B2C', 2026, 4, 'ads', 'pending'),
  (1, 'B2C', 2026, 4, 'organic', 'pending'),
  (1, 'B2C', 2026, 4, 'events', 'pending'),
  (1, 'B2C', 2026, 4, 'partnerships', 'pending'),
  (1, 'B2C', 2026, 4, 'analytics', 'pending'),
  (9, 'B2B', 2026, 4, 'strategy', 'pending'),
  (9, 'B2B', 2026, 4, 'content', 'pending'),
  (9, 'B2B', 2026, 4, 'ads', 'pending'),
  (9, 'B2B', 2026, 4, 'organic', 'pending'),
  (9, 'B2B', 2026, 4, 'events', 'pending'),
  (9, 'B2B', 2026, 4, 'partnerships', 'pending'),
  (9, 'B2B', 2026, 4, 'analytics', 'pending'),
  (2, 'B2C', 2026, 4, 'strategy', 'pending'),
  (2, 'B2C', 2026, 4, 'content', 'pending'),
  (2, 'B2C', 2026, 4, 'ads', 'pending'),
  (2, 'B2C', 2026, 4, 'organic', 'pending'),
  (2, 'B2C', 2026, 4, 'events', 'pending'),
  (2, 'B2C', 2026, 4, 'partnerships', 'pending'),
  (2, 'B2C', 2026, 4, 'analytics', 'pending'),
  (4, 'B2B', 2026, 5, 'strategy', 'pending'),
  (4, 'B2B', 2026, 5, 'content', 'pending'),
  (4, 'B2B', 2026, 5, 'ads', 'pending'),
  (4, 'B2B', 2026, 5, 'organic', 'pending'),
  (4, 'B2B', 2026, 5, 'events', 'pending'),
  (4, 'B2B', 2026, 5, 'partnerships', 'pending'),
  (4, 'B2B', 2026, 5, 'analytics', 'pending'),
  (1, 'B2B', 2026, 5, 'strategy', 'pending'),
  (1, 'B2B', 2026, 5, 'content', 'pending'),
  (1, 'B2B', 2026, 5, 'ads', 'pending'),
  (1, 'B2B', 2026, 5, 'organic', 'pending'),
  (1, 'B2B', 2026, 5, 'events', 'pending'),
  (1, 'B2B', 2026, 5, 'partnerships', 'pending'),
  (1, 'B2B', 2026, 5, 'analytics', 'pending'),
  (1, 'B2B', 2026, 6, 'strategy', 'pending'),
  (1, 'B2B', 2026, 6, 'content', 'pending'),
  (1, 'B2B', 2026, 6, 'ads', 'pending'),
  (1, 'B2B', 2026, 6, 'organic', 'pending'),
  (1, 'B2B', 2026, 6, 'events', 'pending'),
  (1, 'B2B', 2026, 6, 'partnerships', 'pending'),
  (1, 'B2B', 2026, 6, 'analytics', 'pending'),
  (2, 'B2B', 2026, 6, 'strategy', 'pending'),
  (2, 'B2B', 2026, 6, 'content', 'pending'),
  (2, 'B2B', 2026, 6, 'ads', 'pending'),
  (2, 'B2B', 2026, 6, 'organic', 'pending'),
  (2, 'B2B', 2026, 6, 'events', 'pending'),
  (2, 'B2B', 2026, 6, 'partnerships', 'pending'),
  (2, 'B2B', 2026, 6, 'analytics', 'pending'),
  (8, 'B2C', 2026, 6, 'strategy', 'pending'),
  (8, 'B2C', 2026, 6, 'content', 'pending'),
  (8, 'B2C', 2026, 6, 'ads', 'pending'),
  (8, 'B2C', 2026, 6, 'organic', 'pending'),
  (8, 'B2C', 2026, 6, 'events', 'pending'),
  (8, 'B2C', 2026, 6, 'partnerships', 'pending'),
  (8, 'B2C', 2026, 6, 'analytics', 'pending'),
  (10, 'B2B', 2026, 6, 'strategy', 'pending'),
  (10, 'B2B', 2026, 6, 'content', 'pending'),
  (10, 'B2B', 2026, 6, 'ads', 'pending'),
  (10, 'B2B', 2026, 6, 'organic', 'pending'),
  (10, 'B2B', 2026, 6, 'events', 'pending'),
  (10, 'B2B', 2026, 6, 'partnerships', 'pending'),
  (10, 'B2B', 2026, 6, 'analytics', 'pending'),
  (11, 'B2B', 2026, 6, 'strategy', 'pending'),
  (11, 'B2B', 2026, 6, 'content', 'pending'),
  (11, 'B2B', 2026, 6, 'ads', 'pending'),
  (11, 'B2B', 2026, 6, 'organic', 'pending'),
  (11, 'B2B', 2026, 6, 'events', 'pending'),
  (11, 'B2B', 2026, 6, 'partnerships', 'pending'),
  (11, 'B2B', 2026, 6, 'analytics', 'pending'),
  (11, 'B2C', 2026, 6, 'strategy', 'pending'),
  (11, 'B2C', 2026, 6, 'content', 'pending'),
  (11, 'B2C', 2026, 6, 'ads', 'pending'),
  (11, 'B2C', 2026, 6, 'organic', 'pending'),
  (11, 'B2C', 2026, 6, 'events', 'pending'),
  (11, 'B2C', 2026, 6, 'partnerships', 'pending'),
  (11, 'B2C', 2026, 6, 'analytics', 'pending'),
  (12, 'B2B', 2026, 6, 'strategy', 'pending'),
  (12, 'B2B', 2026, 6, 'content', 'pending'),
  (12, 'B2B', 2026, 6, 'ads', 'pending'),
  (12, 'B2B', 2026, 6, 'organic', 'pending'),
  (12, 'B2B', 2026, 6, 'events', 'pending'),
  (12, 'B2B', 2026, 6, 'partnerships', 'pending'),
  (12, 'B2B', 2026, 6, 'analytics', 'pending'),
  (13, 'B2B', 2026, 6, 'strategy', 'pending'),
  (13, 'B2B', 2026, 6, 'content', 'pending'),
  (13, 'B2B', 2026, 6, 'ads', 'pending'),
  (13, 'B2B', 2026, 6, 'organic', 'pending'),
  (13, 'B2B', 2026, 6, 'events', 'pending'),
  (13, 'B2B', 2026, 6, 'partnerships', 'pending'),
  (13, 'B2B', 2026, 6, 'analytics', 'pending'),
  (5, 'B2C', 2026, 6, 'strategy', 'pending'),
  (5, 'B2C', 2026, 6, 'content', 'pending'),
  (5, 'B2C', 2026, 6, 'ads', 'pending'),
  (5, 'B2C', 2026, 6, 'organic', 'pending'),
  (5, 'B2C', 2026, 6, 'events', 'pending'),
  (5, 'B2C', 2026, 6, 'partnerships', 'pending'),
  (5, 'B2C', 2026, 6, 'analytics', 'pending'),
  (14, 'B2B', 2026, 6, 'strategy', 'pending'),
  (14, 'B2B', 2026, 6, 'content', 'pending'),
  (14, 'B2B', 2026, 6, 'ads', 'pending'),
  (14, 'B2B', 2026, 6, 'organic', 'pending'),
  (14, 'B2B', 2026, 6, 'events', 'pending'),
  (14, 'B2B', 2026, 6, 'partnerships', 'pending'),
  (14, 'B2B', 2026, 6, 'analytics', 'pending'),
  (14, 'B2C', 2026, 6, 'strategy', 'pending'),
  (14, 'B2C', 2026, 6, 'content', 'pending'),
  (14, 'B2C', 2026, 6, 'ads', 'pending'),
  (14, 'B2C', 2026, 6, 'organic', 'pending'),
  (14, 'B2C', 2026, 6, 'events', 'pending'),
  (14, 'B2C', 2026, 6, 'partnerships', 'pending'),
  (14, 'B2C', 2026, 6, 'analytics', 'pending'),
  (15, 'B2C', 2026, 6, 'strategy', 'pending'),
  (15, 'B2C', 2026, 6, 'content', 'pending'),
  (15, 'B2C', 2026, 6, 'ads', 'pending'),
  (15, 'B2C', 2026, 6, 'organic', 'pending'),
  (15, 'B2C', 2026, 6, 'events', 'pending'),
  (15, 'B2C', 2026, 6, 'partnerships', 'pending'),
  (15, 'B2C', 2026, 6, 'analytics', 'pending'),
  (16, 'B2B', 2026, 6, 'strategy', 'pending'),
  (16, 'B2B', 2026, 6, 'content', 'pending'),
  (16, 'B2B', 2026, 6, 'ads', 'pending'),
  (16, 'B2B', 2026, 6, 'organic', 'pending'),
  (16, 'B2B', 2026, 6, 'events', 'pending'),
  (16, 'B2B', 2026, 6, 'partnerships', 'pending'),
  (16, 'B2B', 2026, 6, 'analytics', 'pending'),
  (16, 'B2C', 2026, 6, 'strategy', 'pending'),
  (16, 'B2C', 2026, 6, 'content', 'pending'),
  (16, 'B2C', 2026, 6, 'ads', 'pending'),
  (16, 'B2C', 2026, 6, 'organic', 'pending'),
  (16, 'B2C', 2026, 6, 'events', 'pending'),
  (16, 'B2C', 2026, 6, 'partnerships', 'pending'),
  (16, 'B2C', 2026, 6, 'analytics', 'pending'),
  (17, 'B2B', 2026, 6, 'strategy', 'pending'),
  (17, 'B2B', 2026, 6, 'content', 'pending'),
  (17, 'B2B', 2026, 6, 'ads', 'pending'),
  (17, 'B2B', 2026, 6, 'organic', 'pending'),
  (17, 'B2B', 2026, 6, 'events', 'pending'),
  (17, 'B2B', 2026, 6, 'partnerships', 'pending'),
  (17, 'B2B', 2026, 6, 'analytics', 'pending'),
  (17, 'B2C', 2026, 6, 'strategy', 'pending'),
  (17, 'B2C', 2026, 6, 'content', 'pending'),
  (17, 'B2C', 2026, 6, 'ads', 'pending'),
  (17, 'B2C', 2026, 6, 'organic', 'pending'),
  (17, 'B2C', 2026, 6, 'events', 'pending'),
  (17, 'B2C', 2026, 6, 'partnerships', 'pending'),
  (17, 'B2C', 2026, 6, 'analytics', 'pending'),
  (6, 'B2B', 2026, 6, 'strategy', 'pending'),
  (6, 'B2B', 2026, 6, 'content', 'pending'),
  (6, 'B2B', 2026, 6, 'ads', 'pending'),
  (6, 'B2B', 2026, 6, 'organic', 'pending'),
  (6, 'B2B', 2026, 6, 'events', 'pending'),
  (6, 'B2B', 2026, 6, 'partnerships', 'pending'),
  (6, 'B2B', 2026, 6, 'analytics', 'pending'),
  (8, 'B2B', 2026, 6, 'strategy', 'pending'),
  (8, 'B2B', 2026, 6, 'content', 'pending'),
  (8, 'B2B', 2026, 6, 'ads', 'pending'),
  (8, 'B2B', 2026, 6, 'organic', 'pending'),
  (8, 'B2B', 2026, 6, 'events', 'pending'),
  (8, 'B2B', 2026, 6, 'partnerships', 'pending'),
  (8, 'B2B', 2026, 6, 'analytics', 'pending'),
  (18, 'B2B', 2026, 6, 'strategy', 'pending'),
  (18, 'B2B', 2026, 6, 'content', 'pending'),
  (18, 'B2B', 2026, 6, 'ads', 'pending'),
  (18, 'B2B', 2026, 6, 'organic', 'pending'),
  (18, 'B2B', 2026, 6, 'events', 'pending'),
  (18, 'B2B', 2026, 6, 'partnerships', 'pending'),
  (18, 'B2B', 2026, 6, 'analytics', 'pending'),
  (18, 'B2C', 2026, 6, 'strategy', 'pending'),
  (18, 'B2C', 2026, 6, 'content', 'pending'),
  (18, 'B2C', 2026, 6, 'ads', 'pending'),
  (18, 'B2C', 2026, 6, 'organic', 'pending'),
  (18, 'B2C', 2026, 6, 'events', 'pending'),
  (18, 'B2C', 2026, 6, 'partnerships', 'pending'),
  (18, 'B2C', 2026, 6, 'analytics', 'pending'),
  (19, 'B2B', 2026, 6, 'strategy', 'pending'),
  (19, 'B2B', 2026, 6, 'content', 'pending'),
  (19, 'B2B', 2026, 6, 'ads', 'pending'),
  (19, 'B2B', 2026, 6, 'organic', 'pending'),
  (19, 'B2B', 2026, 6, 'events', 'pending'),
  (19, 'B2B', 2026, 6, 'partnerships', 'pending'),
  (19, 'B2B', 2026, 6, 'analytics', 'pending'),
  (19, 'B2C', 2026, 6, 'strategy', 'pending'),
  (19, 'B2C', 2026, 6, 'content', 'pending'),
  (19, 'B2C', 2026, 6, 'ads', 'pending'),
  (19, 'B2C', 2026, 6, 'organic', 'pending'),
  (19, 'B2C', 2026, 6, 'events', 'pending'),
  (19, 'B2C', 2026, 6, 'partnerships', 'pending'),
  (19, 'B2C', 2026, 6, 'analytics', 'pending'),
  (20, 'B2C', 2026, 6, 'strategy', 'pending'),
  (20, 'B2C', 2026, 6, 'content', 'pending'),
  (20, 'B2C', 2026, 6, 'ads', 'pending'),
  (20, 'B2C', 2026, 6, 'organic', 'pending'),
  (20, 'B2C', 2026, 6, 'events', 'pending'),
  (20, 'B2C', 2026, 6, 'partnerships', 'pending'),
  (20, 'B2C', 2026, 6, 'analytics', 'pending'),
  (7, 'B2B', 2026, 6, 'strategy', 'pending'),
  (7, 'B2B', 2026, 6, 'content', 'pending'),
  (7, 'B2B', 2026, 6, 'ads', 'pending'),
  (7, 'B2B', 2026, 6, 'organic', 'pending'),
  (7, 'B2B', 2026, 6, 'events', 'pending'),
  (7, 'B2B', 2026, 6, 'partnerships', 'pending');
INSERT INTO marketing_stages (bootcamp_family_id, cohort_type_code, cohort_year, cohort_month, stage_code, status) VALUES
  (7, 'B2B', 2026, 6, 'analytics', 'pending'),
  (1, 'B2B', 2026, 7, 'strategy', 'pending'),
  (1, 'B2B', 2026, 7, 'content', 'pending'),
  (1, 'B2B', 2026, 7, 'ads', 'pending'),
  (1, 'B2B', 2026, 7, 'organic', 'pending'),
  (1, 'B2B', 2026, 7, 'events', 'pending'),
  (1, 'B2B', 2026, 7, 'partnerships', 'pending'),
  (1, 'B2B', 2026, 7, 'analytics', 'pending'),
  (17, 'B2C', 2026, 7, 'strategy', 'pending'),
  (17, 'B2C', 2026, 7, 'content', 'pending'),
  (17, 'B2C', 2026, 7, 'ads', 'pending'),
  (17, 'B2C', 2026, 7, 'organic', 'pending'),
  (17, 'B2C', 2026, 7, 'events', 'pending'),
  (17, 'B2C', 2026, 7, 'partnerships', 'pending'),
  (17, 'B2C', 2026, 7, 'analytics', 'pending'),
  (10, 'B2C', 2026, 7, 'strategy', 'pending'),
  (10, 'B2C', 2026, 7, 'content', 'pending'),
  (10, 'B2C', 2026, 7, 'ads', 'pending'),
  (10, 'B2C', 2026, 7, 'organic', 'pending'),
  (10, 'B2C', 2026, 7, 'events', 'pending'),
  (10, 'B2C', 2026, 7, 'partnerships', 'pending'),
  (10, 'B2C', 2026, 7, 'analytics', 'pending'),
  (17, 'B2B', 2026, 7, 'strategy', 'pending'),
  (17, 'B2B', 2026, 7, 'content', 'pending'),
  (17, 'B2B', 2026, 7, 'ads', 'pending'),
  (17, 'B2B', 2026, 7, 'organic', 'pending'),
  (17, 'B2B', 2026, 7, 'events', 'pending'),
  (17, 'B2B', 2026, 7, 'partnerships', 'pending'),
  (17, 'B2B', 2026, 7, 'analytics', 'pending'),
  (14, 'B2B', 2026, 7, 'strategy', 'pending'),
  (14, 'B2B', 2026, 7, 'content', 'pending'),
  (14, 'B2B', 2026, 7, 'ads', 'pending'),
  (14, 'B2B', 2026, 7, 'organic', 'pending'),
  (14, 'B2B', 2026, 7, 'events', 'pending'),
  (14, 'B2B', 2026, 7, 'partnerships', 'pending'),
  (14, 'B2B', 2026, 7, 'analytics', 'pending'),
  (14, 'B2C', 2026, 7, 'strategy', 'pending'),
  (14, 'B2C', 2026, 7, 'content', 'pending'),
  (14, 'B2C', 2026, 7, 'ads', 'pending'),
  (14, 'B2C', 2026, 7, 'organic', 'pending'),
  (14, 'B2C', 2026, 7, 'events', 'pending'),
  (14, 'B2C', 2026, 7, 'partnerships', 'pending'),
  (14, 'B2C', 2026, 7, 'analytics', 'pending'),
  (21, 'B2B', 2026, 7, 'strategy', 'pending'),
  (21, 'B2B', 2026, 7, 'content', 'pending'),
  (21, 'B2B', 2026, 7, 'ads', 'pending'),
  (21, 'B2B', 2026, 7, 'organic', 'pending'),
  (21, 'B2B', 2026, 7, 'events', 'pending'),
  (21, 'B2B', 2026, 7, 'partnerships', 'pending'),
  (21, 'B2B', 2026, 7, 'analytics', 'pending'),
  (21, 'B2C', 2026, 7, 'strategy', 'pending'),
  (21, 'B2C', 2026, 7, 'content', 'pending'),
  (21, 'B2C', 2026, 7, 'ads', 'pending'),
  (21, 'B2C', 2026, 7, 'organic', 'pending'),
  (21, 'B2C', 2026, 7, 'events', 'pending'),
  (21, 'B2C', 2026, 7, 'partnerships', 'pending'),
  (21, 'B2C', 2026, 7, 'analytics', 'pending'),
  (2, 'B2B', 2026, 7, 'strategy', 'pending'),
  (2, 'B2B', 2026, 7, 'content', 'pending'),
  (2, 'B2B', 2026, 7, 'ads', 'pending'),
  (2, 'B2B', 2026, 7, 'organic', 'pending'),
  (2, 'B2B', 2026, 7, 'events', 'pending'),
  (2, 'B2B', 2026, 7, 'partnerships', 'pending'),
  (2, 'B2B', 2026, 7, 'analytics', 'pending'),
  (5, 'B2C', 2026, 7, 'strategy', 'pending'),
  (5, 'B2C', 2026, 7, 'content', 'pending'),
  (5, 'B2C', 2026, 7, 'ads', 'pending'),
  (5, 'B2C', 2026, 7, 'organic', 'pending'),
  (5, 'B2C', 2026, 7, 'events', 'pending'),
  (5, 'B2C', 2026, 7, 'partnerships', 'pending'),
  (5, 'B2C', 2026, 7, 'analytics', 'pending'),
  (1, 'B2B', 2026, 8, 'strategy', 'pending'),
  (1, 'B2B', 2026, 8, 'content', 'pending'),
  (1, 'B2B', 2026, 8, 'ads', 'pending'),
  (1, 'B2B', 2026, 8, 'organic', 'pending'),
  (1, 'B2B', 2026, 8, 'events', 'pending'),
  (1, 'B2B', 2026, 8, 'partnerships', 'pending'),
  (1, 'B2B', 2026, 8, 'analytics', 'pending'),
  (6, 'B2B', 2026, 8, 'strategy', 'pending'),
  (6, 'B2B', 2026, 8, 'content', 'pending'),
  (6, 'B2B', 2026, 8, 'ads', 'pending'),
  (6, 'B2B', 2026, 8, 'organic', 'pending'),
  (6, 'B2B', 2026, 8, 'events', 'pending'),
  (6, 'B2B', 2026, 8, 'partnerships', 'pending'),
  (6, 'B2B', 2026, 8, 'analytics', 'pending'),
  (22, 'B2B', 2026, 8, 'strategy', 'pending'),
  (22, 'B2B', 2026, 8, 'content', 'pending'),
  (22, 'B2B', 2026, 8, 'ads', 'pending'),
  (22, 'B2B', 2026, 8, 'organic', 'pending'),
  (22, 'B2B', 2026, 8, 'events', 'pending'),
  (22, 'B2B', 2026, 8, 'partnerships', 'pending'),
  (22, 'B2B', 2026, 8, 'analytics', 'pending'),
  (22, 'B2C', 2026, 8, 'strategy', 'pending'),
  (22, 'B2C', 2026, 8, 'content', 'pending'),
  (22, 'B2C', 2026, 8, 'ads', 'pending'),
  (22, 'B2C', 2026, 8, 'organic', 'pending'),
  (22, 'B2C', 2026, 8, 'events', 'pending'),
  (22, 'B2C', 2026, 8, 'partnerships', 'pending'),
  (22, 'B2C', 2026, 8, 'analytics', 'pending'),
  (23, 'B2B', 2026, 8, 'strategy', 'pending'),
  (23, 'B2B', 2026, 8, 'content', 'pending'),
  (23, 'B2B', 2026, 8, 'ads', 'pending'),
  (23, 'B2B', 2026, 8, 'organic', 'pending'),
  (23, 'B2B', 2026, 8, 'events', 'pending'),
  (23, 'B2B', 2026, 8, 'partnerships', 'pending'),
  (23, 'B2B', 2026, 8, 'analytics', 'pending'),
  (23, 'B2C', 2026, 8, 'strategy', 'pending'),
  (23, 'B2C', 2026, 8, 'content', 'pending'),
  (23, 'B2C', 2026, 8, 'ads', 'pending'),
  (23, 'B2C', 2026, 8, 'organic', 'pending'),
  (23, 'B2C', 2026, 8, 'events', 'pending'),
  (23, 'B2C', 2026, 8, 'partnerships', 'pending'),
  (23, 'B2C', 2026, 8, 'analytics', 'pending'),
  (11, 'B2B', 2026, 8, 'strategy', 'pending'),
  (11, 'B2B', 2026, 8, 'content', 'pending'),
  (11, 'B2B', 2026, 8, 'ads', 'pending'),
  (11, 'B2B', 2026, 8, 'organic', 'pending'),
  (11, 'B2B', 2026, 8, 'events', 'pending'),
  (11, 'B2B', 2026, 8, 'partnerships', 'pending'),
  (11, 'B2B', 2026, 8, 'analytics', 'pending'),
  (11, 'B2C', 2026, 8, 'strategy', 'pending'),
  (11, 'B2C', 2026, 8, 'content', 'pending'),
  (11, 'B2C', 2026, 8, 'ads', 'pending'),
  (11, 'B2C', 2026, 8, 'organic', 'pending'),
  (11, 'B2C', 2026, 8, 'events', 'pending'),
  (11, 'B2C', 2026, 8, 'partnerships', 'pending'),
  (11, 'B2C', 2026, 8, 'analytics', 'pending'),
  (5, 'B2B', 2026, 8, 'strategy', 'pending'),
  (5, 'B2B', 2026, 8, 'content', 'pending'),
  (5, 'B2B', 2026, 8, 'ads', 'pending'),
  (5, 'B2B', 2026, 8, 'organic', 'pending'),
  (5, 'B2B', 2026, 8, 'events', 'pending'),
  (5, 'B2B', 2026, 8, 'partnerships', 'pending'),
  (5, 'B2B', 2026, 8, 'analytics', 'pending'),
  (17, 'B2B', 2026, 8, 'strategy', 'pending'),
  (17, 'B2B', 2026, 8, 'content', 'pending'),
  (17, 'B2B', 2026, 8, 'ads', 'pending'),
  (17, 'B2B', 2026, 8, 'organic', 'pending'),
  (17, 'B2B', 2026, 8, 'events', 'pending'),
  (17, 'B2B', 2026, 8, 'partnerships', 'pending'),
  (17, 'B2B', 2026, 8, 'analytics', 'pending'),
  (2, 'B2B', 2026, 8, 'strategy', 'pending'),
  (2, 'B2B', 2026, 8, 'content', 'pending'),
  (2, 'B2B', 2026, 8, 'ads', 'pending'),
  (2, 'B2B', 2026, 8, 'organic', 'pending'),
  (2, 'B2B', 2026, 8, 'events', 'pending'),
  (2, 'B2B', 2026, 8, 'partnerships', 'pending'),
  (2, 'B2B', 2026, 8, 'analytics', 'pending'),
  (2, 'B2C', 2026, 8, 'strategy', 'pending'),
  (2, 'B2C', 2026, 8, 'content', 'pending'),
  (2, 'B2C', 2026, 8, 'ads', 'pending'),
  (2, 'B2C', 2026, 8, 'organic', 'pending'),
  (2, 'B2C', 2026, 8, 'events', 'pending'),
  (2, 'B2C', 2026, 8, 'partnerships', 'pending'),
  (2, 'B2C', 2026, 8, 'analytics', 'pending'),
  (14, 'B2B', 2026, 8, 'strategy', 'pending'),
  (14, 'B2B', 2026, 8, 'content', 'pending'),
  (14, 'B2B', 2026, 8, 'ads', 'pending'),
  (14, 'B2B', 2026, 8, 'organic', 'pending'),
  (14, 'B2B', 2026, 8, 'events', 'pending'),
  (14, 'B2B', 2026, 8, 'partnerships', 'pending'),
  (14, 'B2B', 2026, 8, 'analytics', 'pending'),
  (14, 'B2C', 2026, 8, 'strategy', 'pending'),
  (14, 'B2C', 2026, 8, 'content', 'pending'),
  (14, 'B2C', 2026, 8, 'ads', 'pending'),
  (14, 'B2C', 2026, 8, 'organic', 'pending'),
  (14, 'B2C', 2026, 8, 'events', 'pending'),
  (14, 'B2C', 2026, 8, 'partnerships', 'pending'),
  (14, 'B2C', 2026, 8, 'analytics', 'pending'),
  (16, 'B2B', 2026, 8, 'strategy', 'pending'),
  (16, 'B2B', 2026, 8, 'content', 'pending'),
  (16, 'B2B', 2026, 8, 'ads', 'pending'),
  (16, 'B2B', 2026, 8, 'organic', 'pending'),
  (16, 'B2B', 2026, 8, 'events', 'pending'),
  (16, 'B2B', 2026, 8, 'partnerships', 'pending'),
  (16, 'B2B', 2026, 8, 'analytics', 'pending'),
  (16, 'B2C', 2026, 8, 'strategy', 'pending'),
  (16, 'B2C', 2026, 8, 'content', 'pending'),
  (16, 'B2C', 2026, 8, 'ads', 'pending'),
  (16, 'B2C', 2026, 8, 'organic', 'pending'),
  (16, 'B2C', 2026, 8, 'events', 'pending'),
  (16, 'B2C', 2026, 8, 'partnerships', 'pending'),
  (16, 'B2C', 2026, 8, 'analytics', 'pending'),
  (10, 'B2B', 2026, 8, 'strategy', 'pending'),
  (10, 'B2B', 2026, 8, 'content', 'pending'),
  (10, 'B2B', 2026, 8, 'ads', 'pending'),
  (10, 'B2B', 2026, 8, 'organic', 'pending'),
  (10, 'B2B', 2026, 8, 'events', 'pending'),
  (10, 'B2B', 2026, 8, 'partnerships', 'pending'),
  (10, 'B2B', 2026, 8, 'analytics', 'pending'),
  (10, 'B2C', 2026, 8, 'strategy', 'pending'),
  (10, 'B2C', 2026, 8, 'content', 'pending'),
  (10, 'B2C', 2026, 8, 'ads', 'pending'),
  (10, 'B2C', 2026, 8, 'organic', 'pending'),
  (10, 'B2C', 2026, 8, 'events', 'pending'),
  (10, 'B2C', 2026, 8, 'partnerships', 'pending'),
  (10, 'B2C', 2026, 8, 'analytics', 'pending'),
  (1, 'B2C', 2026, 8, 'strategy', 'pending'),
  (1, 'B2C', 2026, 8, 'content', 'pending'),
  (1, 'B2C', 2026, 8, 'ads', 'pending'),
  (1, 'B2C', 2026, 8, 'organic', 'pending'),
  (1, 'B2C', 2026, 8, 'events', 'pending'),
  (1, 'B2C', 2026, 8, 'partnerships', 'pending'),
  (1, 'B2C', 2026, 8, 'analytics', 'pending'),
  (1, 'B2B', 2026, 9, 'strategy', 'pending'),
  (1, 'B2B', 2026, 9, 'content', 'pending'),
  (1, 'B2B', 2026, 9, 'ads', 'pending'),
  (1, 'B2B', 2026, 9, 'organic', 'pending'),
  (1, 'B2B', 2026, 9, 'events', 'pending'),
  (1, 'B2B', 2026, 9, 'partnerships', 'pending'),
  (1, 'B2B', 2026, 9, 'analytics', 'pending'),
  (17, 'B2B', 2026, 9, 'strategy', 'pending'),
  (17, 'B2B', 2026, 9, 'content', 'pending'),
  (17, 'B2B', 2026, 9, 'ads', 'pending'),
  (17, 'B2B', 2026, 9, 'organic', 'pending'),
  (17, 'B2B', 2026, 9, 'events', 'pending'),
  (17, 'B2B', 2026, 9, 'partnerships', 'pending'),
  (17, 'B2B', 2026, 9, 'analytics', 'pending'),
  (11, 'B2C', 2026, 9, 'strategy', 'pending'),
  (11, 'B2C', 2026, 9, 'content', 'pending'),
  (11, 'B2C', 2026, 9, 'ads', 'pending'),
  (11, 'B2C', 2026, 9, 'organic', 'pending'),
  (11, 'B2C', 2026, 9, 'events', 'pending'),
  (11, 'B2C', 2026, 9, 'partnerships', 'pending'),
  (11, 'B2C', 2026, 9, 'analytics', 'pending'),
  (2, 'B2B', 2026, 9, 'strategy', 'pending'),
  (2, 'B2B', 2026, 9, 'content', 'pending'),
  (2, 'B2B', 2026, 9, 'ads', 'pending'),
  (2, 'B2B', 2026, 9, 'organic', 'pending'),
  (2, 'B2B', 2026, 9, 'events', 'pending'),
  (2, 'B2B', 2026, 9, 'partnerships', 'pending'),
  (2, 'B2B', 2026, 9, 'analytics', 'pending'),
  (17, 'B2C', 2026, 9, 'strategy', 'pending'),
  (17, 'B2C', 2026, 9, 'content', 'pending'),
  (17, 'B2C', 2026, 9, 'ads', 'pending'),
  (17, 'B2C', 2026, 9, 'organic', 'pending'),
  (17, 'B2C', 2026, 9, 'events', 'pending'),
  (17, 'B2C', 2026, 9, 'partnerships', 'pending'),
  (17, 'B2C', 2026, 9, 'analytics', 'pending'),
  (15, 'B2C', 2026, 9, 'strategy', 'pending'),
  (15, 'B2C', 2026, 9, 'content', 'pending'),
  (15, 'B2C', 2026, 9, 'ads', 'pending'),
  (15, 'B2C', 2026, 9, 'organic', 'pending'),
  (15, 'B2C', 2026, 9, 'events', 'pending'),
  (15, 'B2C', 2026, 9, 'partnerships', 'pending'),
  (15, 'B2C', 2026, 9, 'analytics', 'pending'),
  (19, 'B2B', 2026, 9, 'strategy', 'pending'),
  (19, 'B2B', 2026, 9, 'content', 'pending'),
  (19, 'B2B', 2026, 9, 'ads', 'pending'),
  (19, 'B2B', 2026, 9, 'organic', 'pending'),
  (19, 'B2B', 2026, 9, 'events', 'pending'),
  (19, 'B2B', 2026, 9, 'partnerships', 'pending'),
  (19, 'B2B', 2026, 9, 'analytics', 'pending'),
  (19, 'B2C', 2026, 9, 'strategy', 'pending'),
  (19, 'B2C', 2026, 9, 'content', 'pending'),
  (19, 'B2C', 2026, 9, 'ads', 'pending'),
  (19, 'B2C', 2026, 9, 'organic', 'pending'),
  (19, 'B2C', 2026, 9, 'events', 'pending'),
  (19, 'B2C', 2026, 9, 'partnerships', 'pending'),
  (19, 'B2C', 2026, 9, 'analytics', 'pending'),
  (22, 'B2C', 2026, 9, 'strategy', 'pending'),
  (22, 'B2C', 2026, 9, 'content', 'pending'),
  (22, 'B2C', 2026, 9, 'ads', 'pending'),
  (22, 'B2C', 2026, 9, 'organic', 'pending'),
  (22, 'B2C', 2026, 9, 'events', 'pending'),
  (22, 'B2C', 2026, 9, 'partnerships', 'pending'),
  (22, 'B2C', 2026, 9, 'analytics', 'pending'),
  (6, 'B2B', 2026, 9, 'strategy', 'pending'),
  (6, 'B2B', 2026, 9, 'content', 'pending'),
  (6, 'B2B', 2026, 9, 'ads', 'pending'),
  (6, 'B2B', 2026, 9, 'organic', 'pending'),
  (6, 'B2B', 2026, 9, 'events', 'pending'),
  (6, 'B2B', 2026, 9, 'partnerships', 'pending'),
  (6, 'B2B', 2026, 9, 'analytics', 'pending'),
  (1, 'B2B', 2026, 10, 'strategy', 'pending'),
  (1, 'B2B', 2026, 10, 'content', 'pending'),
  (1, 'B2B', 2026, 10, 'ads', 'pending'),
  (1, 'B2B', 2026, 10, 'organic', 'pending'),
  (1, 'B2B', 2026, 10, 'events', 'pending'),
  (1, 'B2B', 2026, 10, 'partnerships', 'pending'),
  (1, 'B2B', 2026, 10, 'analytics', 'pending'),
  (17, 'B2B', 2026, 10, 'strategy', 'pending'),
  (17, 'B2B', 2026, 10, 'content', 'pending'),
  (17, 'B2B', 2026, 10, 'ads', 'pending'),
  (17, 'B2B', 2026, 10, 'organic', 'pending'),
  (17, 'B2B', 2026, 10, 'events', 'pending'),
  (17, 'B2B', 2026, 10, 'partnerships', 'pending'),
  (17, 'B2B', 2026, 10, 'analytics', 'pending'),
  (2, 'B2C', 2026, 10, 'strategy', 'pending'),
  (2, 'B2C', 2026, 10, 'content', 'pending'),
  (2, 'B2C', 2026, 10, 'ads', 'pending'),
  (2, 'B2C', 2026, 10, 'organic', 'pending'),
  (2, 'B2C', 2026, 10, 'events', 'pending'),
  (2, 'B2C', 2026, 10, 'partnerships', 'pending'),
  (2, 'B2C', 2026, 10, 'analytics', 'pending'),
  (2, 'B2B', 2026, 10, 'strategy', 'pending'),
  (2, 'B2B', 2026, 10, 'content', 'pending'),
  (2, 'B2B', 2026, 10, 'ads', 'pending'),
  (2, 'B2B', 2026, 10, 'organic', 'pending'),
  (2, 'B2B', 2026, 10, 'events', 'pending');
INSERT INTO marketing_stages (bootcamp_family_id, cohort_type_code, cohort_year, cohort_month, stage_code, status) VALUES
  (2, 'B2B', 2026, 10, 'partnerships', 'pending'),
  (2, 'B2B', 2026, 10, 'analytics', 'pending'),
  (17, 'B2C', 2026, 10, 'strategy', 'pending'),
  (17, 'B2C', 2026, 10, 'content', 'pending'),
  (17, 'B2C', 2026, 10, 'ads', 'pending'),
  (17, 'B2C', 2026, 10, 'organic', 'pending'),
  (17, 'B2C', 2026, 10, 'events', 'pending'),
  (17, 'B2C', 2026, 10, 'partnerships', 'pending'),
  (17, 'B2C', 2026, 10, 'analytics', 'pending'),
  (15, 'B2B', 2026, 10, 'strategy', 'pending'),
  (15, 'B2B', 2026, 10, 'content', 'pending'),
  (15, 'B2B', 2026, 10, 'ads', 'pending'),
  (15, 'B2B', 2026, 10, 'organic', 'pending'),
  (15, 'B2B', 2026, 10, 'events', 'pending'),
  (15, 'B2B', 2026, 10, 'partnerships', 'pending'),
  (15, 'B2B', 2026, 10, 'analytics', 'pending'),
  (15, 'B2C', 2026, 10, 'strategy', 'pending'),
  (15, 'B2C', 2026, 10, 'content', 'pending'),
  (15, 'B2C', 2026, 10, 'ads', 'pending'),
  (15, 'B2C', 2026, 10, 'organic', 'pending'),
  (15, 'B2C', 2026, 10, 'events', 'pending'),
  (15, 'B2C', 2026, 10, 'partnerships', 'pending'),
  (15, 'B2C', 2026, 10, 'analytics', 'pending'),
  (20, 'B2C', 2026, 10, 'strategy', 'pending'),
  (20, 'B2C', 2026, 10, 'content', 'pending'),
  (20, 'B2C', 2026, 10, 'ads', 'pending'),
  (20, 'B2C', 2026, 10, 'organic', 'pending'),
  (20, 'B2C', 2026, 10, 'events', 'pending'),
  (20, 'B2C', 2026, 10, 'partnerships', 'pending'),
  (20, 'B2C', 2026, 10, 'analytics', 'pending'),
  (7, 'B2B', 2026, 10, 'strategy', 'pending'),
  (7, 'B2B', 2026, 10, 'content', 'pending'),
  (7, 'B2B', 2026, 10, 'ads', 'pending'),
  (7, 'B2B', 2026, 10, 'organic', 'pending'),
  (7, 'B2B', 2026, 10, 'events', 'pending'),
  (7, 'B2B', 2026, 10, 'partnerships', 'pending'),
  (7, 'B2B', 2026, 10, 'analytics', 'pending'),
  (17, 'B2B', 2026, 11, 'strategy', 'pending'),
  (17, 'B2B', 2026, 11, 'content', 'pending'),
  (17, 'B2B', 2026, 11, 'ads', 'pending'),
  (17, 'B2B', 2026, 11, 'organic', 'pending'),
  (17, 'B2B', 2026, 11, 'events', 'pending'),
  (17, 'B2B', 2026, 11, 'partnerships', 'pending'),
  (17, 'B2B', 2026, 11, 'analytics', 'pending'),
  (2, 'B2C', 2026, 11, 'strategy', 'pending'),
  (2, 'B2C', 2026, 11, 'content', 'pending'),
  (2, 'B2C', 2026, 11, 'ads', 'pending'),
  (2, 'B2C', 2026, 11, 'organic', 'pending'),
  (2, 'B2C', 2026, 11, 'events', 'pending'),
  (2, 'B2C', 2026, 11, 'partnerships', 'pending'),
  (2, 'B2C', 2026, 11, 'analytics', 'pending'),
  (7, 'B2B', 2026, 11, 'strategy', 'pending'),
  (7, 'B2B', 2026, 11, 'content', 'pending'),
  (7, 'B2B', 2026, 11, 'ads', 'pending'),
  (7, 'B2B', 2026, 11, 'organic', 'pending'),
  (7, 'B2B', 2026, 11, 'events', 'pending'),
  (7, 'B2B', 2026, 11, 'partnerships', 'pending'),
  (7, 'B2B', 2026, 11, 'analytics', 'pending'),
  (2, 'B2B', 2027, 1, 'strategy', 'pending'),
  (2, 'B2B', 2027, 1, 'content', 'pending'),
  (2, 'B2B', 2027, 1, 'ads', 'pending'),
  (2, 'B2B', 2027, 1, 'organic', 'pending'),
  (2, 'B2B', 2027, 1, 'events', 'pending'),
  (2, 'B2B', 2027, 1, 'partnerships', 'pending'),
  (2, 'B2B', 2027, 1, 'analytics', 'pending'),
  (2, 'B2C', 2027, 1, 'strategy', 'pending'),
  (2, 'B2C', 2027, 1, 'content', 'pending'),
  (2, 'B2C', 2027, 1, 'ads', 'pending'),
  (2, 'B2C', 2027, 1, 'organic', 'pending'),
  (2, 'B2C', 2027, 1, 'events', 'pending'),
  (2, 'B2C', 2027, 1, 'partnerships', 'pending'),
  (2, 'B2C', 2027, 1, 'analytics', 'pending');

COMMIT;
